accession	genome_id	host_species	host_strain	country	year	genome_length	gc_percent	raw_sequence_path	notes
NA	phagehostlearn_2024_phage_A1a	Klebsiella pneumoniae species complex	NA	NA	NA	43524	54.101	data/metadata/external/phagehostlearn/phages_genomes.zip::phages_genomes/A1a.fasta	source_id=A1a; source_study=phagehostlearn_2024; source_reference=https://doi.org/10.5281/zenodo.11061100; https://doi.org/10.1038/s41467-024-48675-6; benchmark_entity=true; review_status=reviewed; spot-test benchmark phage; source catalog imports only reviewed source-identity rows; zip_member=phages_genomes/A1a.fasta; zip_md5=f43159fd3473e2d22a56fec27e8d443c; member_size_bytes=43530; sequence_count=1; review_scope=source_identity_only; review_basis=phagehostlearn_matrix_and_phage_archive_member; review_limitations=spot_matrix_only_no_productive_infection_claim
NA	phagehostlearn_2024_phage_A1b	Klebsiella pneumoniae species complex	NA	NA	NA	44598	53.157	data/metadata/external/phagehostlearn/phages_genomes.zip::phages_genomes/A1b.fasta	source_id=A1b; source_study=phagehostlearn_2024; source_reference=https://doi.org/10.5281/zenodo.11061100; https://doi.org/10.1038/s41467-024-48675-6; benchmark_entity=true; review_status=reviewed; spot-test benchmark phage; source catalog imports only reviewed source-identity rows; zip_member=phages_genomes/A1b.fasta; zip_md5=f43159fd3473e2d22a56fec27e8d443c; member_size_bytes=44604; sequence_count=1; review_scope=source_identity_only; review_basis=phagehostlearn_matrix_and_phage_archive_member; review_limitations=spot_matrix_only_no_productive_infection_claim
NA	phagehostlearn_2024_phage_A1c	Klebsiella pneumoniae species complex	NA	NA	NA	42923	54.122	data/metadata/external/phagehostlearn/phages_genomes.zip::phages_genomes/A1c.fasta	source_id=A1c; source_study=phagehostlearn_2024; source_reference=https://doi.org/10.5281/zenodo.11061100; https://doi.org/10.1038/s41467-024-48675-6; benchmark_entity=true; review_status=reviewed; spot-test benchmark phage; source catalog imports only reviewed source-identity rows; zip_member=phages_genomes/A1c.fasta; zip_md5=f43159fd3473e2d22a56fec27e8d443c; member_size_bytes=42929; sequence_count=1; review_scope=source_identity_only; review_basis=phagehostlearn_matrix_and_phage_archive_member; review_limitations=spot_matrix_only_no_productive_infection_claim
NA	phagehostlearn_2024_phage_A1d	Klebsiella pneumoniae species complex	NA	NA	NA	42774	53.988	data/metadata/external/phagehostlearn/phages_genomes.zip::phages_genomes/A1d.fasta	source_id=A1d; source_study=phagehostlearn_2024; source_reference=https://doi.org/10.5281/zenodo.11061100; https://doi.org/10.1038/s41467-024-48675-6; benchmark_entity=true; review_status=reviewed; spot-test benchmark phage; source catalog imports only reviewed source-identity rows; zip_member=phages_genomes/A1d.fasta; zip_md5=f43159fd3473e2d22a56fec27e8d443c; member_size_bytes=42780; sequence_count=1; review_scope=source_identity_only; review_basis=phagehostlearn_matrix_and_phage_archive_member; review_limitations=spot_matrix_only_no_productive_infection_claim
NA	phagehostlearn_2024_phage_A1e	Klebsiella pneumoniae species complex	NA	NA	NA	43867	53.619	data/metadata/external/phagehostlearn/phages_genomes.zip::phages_genomes/A1e.fasta	source_id=A1e; source_study=phagehostlearn_2024; source_reference=https://doi.org/10.5281/zenodo.11061100; https://doi.org/10.1038/s41467-024-48675-6; benchmark_entity=true; review_status=reviewed; spot-test benchmark phage; source catalog imports only reviewed source-identity rows; zip_member=phages_genomes/A1e.fasta; zip_md5=f43159fd3473e2d22a56fec27e8d443c; member_size_bytes=43873; sequence_count=1; review_scope=source_identity_only; review_basis=phagehostlearn_matrix_and_phage_archive_member; review_limitations=spot_matrix_only_no_productive_infection_claim
NA	phagehostlearn_2024_phage_A1f	Klebsiella pneumoniae species complex	NA	NA	NA	43175	53.575	data/metadata/external/phagehostlearn/phages_genomes.zip::phages_genomes/A1f.fasta	source_id=A1f; source_study=phagehostlearn_2024; source_reference=https://doi.org/10.5281/zenodo.11061100; https://doi.org/10.1038/s41467-024-48675-6; benchmark_entity=true; review_status=reviewed; spot-test benchmark phage; source catalog imports only reviewed source-identity rows; zip_member=phages_genomes/A1f.fasta; zip_md5=f43159fd3473e2d22a56fec27e8d443c; member_size_bytes=43181; sequence_count=1; review_scope=source_identity_only; review_basis=phagehostlearn_matrix_and_phage_archive_member; review_limitations=spot_matrix_only_no_productive_infection_claim
NA	phagehostlearn_2024_phage_A1g	Klebsiella pneumoniae species complex	NA	NA	NA	44132	53.809	data/metadata/external/phagehostlearn/phages_genomes.zip::phages_genomes/A1g.fasta	source_id=A1g; source_study=phagehostlearn_2024; source_reference=https://doi.org/10.5281/zenodo.11061100; https://doi.org/10.1038/s41467-024-48675-6; benchmark_entity=true; review_status=reviewed; spot-test benchmark phage; source catalog imports only reviewed source-identity rows; zip_member=phages_genomes/A1g.fasta; zip_md5=f43159fd3473e2d22a56fec27e8d443c; member_size_bytes=44138; sequence_count=1; review_scope=source_identity_only; review_basis=phagehostlearn_matrix_and_phage_archive_member; review_limitations=spot_matrix_only_no_productive_infection_claim
NA	phagehostlearn_2024_phage_A1h	Klebsiella pneumoniae species complex	NA	NA	NA	43535	54.060	data/metadata/external/phagehostlearn/phages_genomes.zip::phages_genomes/A1h.fasta	source_id=A1h; source_study=phagehostlearn_2024; source_reference=https://doi.org/10.5281/zenodo.11061100; https://doi.org/10.1038/s41467-024-48675-6; benchmark_entity=true; review_status=reviewed; spot-test benchmark phage; source catalog imports only reviewed source-identity rows; zip_member=phages_genomes/A1h.fasta; zip_md5=f43159fd3473e2d22a56fec27e8d443c; member_size_bytes=43541; sequence_count=1; review_scope=source_identity_only; review_basis=phagehostlearn_matrix_and_phage_archive_member; review_limitations=spot_matrix_only_no_productive_infection_claim
NA	phagehostlearn_2024_phage_A1i	Klebsiella pneumoniae species complex	NA	NA	NA	43855	54.042	data/metadata/external/phagehostlearn/phages_genomes.zip::phages_genomes/A1i.fasta	source_id=A1i; source_study=phagehostlearn_2024; source_reference=https://doi.org/10.5281/zenodo.11061100; https://doi.org/10.1038/s41467-024-48675-6; benchmark_entity=true; review_status=reviewed; spot-test benchmark phage; source catalog imports only reviewed source-identity rows; zip_member=phages_genomes/A1i.fasta; zip_md5=f43159fd3473e2d22a56fec27e8d443c; member_size_bytes=43861; sequence_count=1; review_scope=source_identity_only; review_basis=phagehostlearn_matrix_and_phage_archive_member; review_limitations=spot_matrix_only_no_productive_infection_claim
NA	phagehostlearn_2024_phage_A1j	Klebsiella pneumoniae species complex	NA	NA	NA	44163	54.077	data/metadata/external/phagehostlearn/phages_genomes.zip::phages_genomes/A1j.fasta	source_id=A1j; source_study=phagehostlearn_2024; source_reference=https://doi.org/10.5281/zenodo.11061100; https://doi.org/10.1038/s41467-024-48675-6; benchmark_entity=true; review_status=reviewed; spot-test benchmark phage; source catalog imports only reviewed source-identity rows; zip_member=phages_genomes/A1j.fasta; zip_md5=f43159fd3473e2d22a56fec27e8d443c; member_size_bytes=44169; sequence_count=1; review_scope=source_identity_only; review_basis=phagehostlearn_matrix_and_phage_archive_member; review_limitations=spot_matrix_only_no_productive_infection_claim
NA	phagehostlearn_2024_phage_A1k	Klebsiella pneumoniae species complex	NA	NA	NA	43278	54.231	data/metadata/external/phagehostlearn/phages_genomes.zip::phages_genomes/A1k.fasta	source_id=A1k; source_study=phagehostlearn_2024; source_reference=https://doi.org/10.5281/zenodo.11061100; https://doi.org/10.1038/s41467-024-48675-6; benchmark_entity=true; review_status=reviewed; spot-test benchmark phage; source catalog imports only reviewed source-identity rows; zip_member=phages_genomes/A1k.fasta; zip_md5=f43159fd3473e2d22a56fec27e8d443c; member_size_bytes=43284; sequence_count=1; review_scope=source_identity_only; review_basis=phagehostlearn_matrix_and_phage_archive_member; review_limitations=spot_matrix_only_no_productive_infection_claim
NA	phagehostlearn_2024_phage_A1l	Klebsiella pneumoniae species complex	NA	NA	NA	43408	54.073	data/metadata/external/phagehostlearn/phages_genomes.zip::phages_genomes/A1l.fasta	source_id=A1l; source_study=phagehostlearn_2024; source_reference=https://doi.org/10.5281/zenodo.11061100; https://doi.org/10.1038/s41467-024-48675-6; benchmark_entity=true; review_status=reviewed; spot-test benchmark phage; source catalog imports only reviewed source-identity rows; zip_member=phages_genomes/A1l.fasta; zip_md5=f43159fd3473e2d22a56fec27e8d443c; member_size_bytes=43414; sequence_count=1; review_scope=source_identity_only; review_basis=phagehostlearn_matrix_and_phage_archive_member; review_limitations=spot_matrix_only_no_productive_infection_claim
NA	phagehostlearn_2024_phage_A1m	Klebsiella pneumoniae species complex	NA	NA	NA	43756	54.013	data/metadata/external/phagehostlearn/phages_genomes.zip::phages_genomes/A1m.fasta	source_id=A1m; source_study=phagehostlearn_2024; source_reference=https://doi.org/10.5281/zenodo.11061100; https://doi.org/10.1038/s41467-024-48675-6; benchmark_entity=true; review_status=reviewed; spot-test benchmark phage; source catalog imports only reviewed source-identity rows; zip_member=phages_genomes/A1m.fasta; zip_md5=f43159fd3473e2d22a56fec27e8d443c; member_size_bytes=43762; sequence_count=1; review_scope=source_identity_only; review_basis=phagehostlearn_matrix_and_phage_archive_member; review_limitations=spot_matrix_only_no_productive_infection_claim
NA	phagehostlearn_2024_phage_A1n	Klebsiella pneumoniae species complex	NA	NA	NA	43439	53.813	data/metadata/external/phagehostlearn/phages_genomes.zip::phages_genomes/A1n.fasta	source_id=A1n; source_study=phagehostlearn_2024; source_reference=https://doi.org/10.5281/zenodo.11061100; https://doi.org/10.1038/s41467-024-48675-6; benchmark_entity=true; review_status=reviewed; spot-test benchmark phage; source catalog imports only reviewed source-identity rows; zip_member=phages_genomes/A1n.fasta; zip_md5=f43159fd3473e2d22a56fec27e8d443c; member_size_bytes=43445; sequence_count=1; review_scope=source_identity_only; review_basis=phagehostlearn_matrix_and_phage_archive_member; review_limitations=spot_matrix_only_no_productive_infection_claim
NA	phagehostlearn_2024_phage_A1o	Klebsiella pneumoniae species complex	NA	NA	NA	42793	54.002	data/metadata/external/phagehostlearn/phages_genomes.zip::phages_genomes/A1o.fasta	source_id=A1o; source_study=phagehostlearn_2024; source_reference=https://doi.org/10.5281/zenodo.11061100; https://doi.org/10.1038/s41467-024-48675-6; benchmark_entity=true; review_status=reviewed; spot-test benchmark phage; source catalog imports only reviewed source-identity rows; zip_member=phages_genomes/A1o.fasta; zip_md5=f43159fd3473e2d22a56fec27e8d443c; member_size_bytes=42799; sequence_count=1; review_scope=source_identity_only; review_basis=phagehostlearn_matrix_and_phage_archive_member; review_limitations=spot_matrix_only_no_productive_infection_claim
NA	phagehostlearn_2024_phage_A1p	Klebsiella pneumoniae species complex	NA	NA	NA	44473	53.702	data/metadata/external/phagehostlearn/phages_genomes.zip::phages_genomes/A1p.fasta	source_id=A1p; source_study=phagehostlearn_2024; source_reference=https://doi.org/10.5281/zenodo.11061100; https://doi.org/10.1038/s41467-024-48675-6; benchmark_entity=true; review_status=reviewed; spot-test benchmark phage; source catalog imports only reviewed source-identity rows; zip_member=phages_genomes/A1p.fasta; zip_md5=f43159fd3473e2d22a56fec27e8d443c; member_size_bytes=44479; sequence_count=1; review_scope=source_identity_only; review_basis=phagehostlearn_matrix_and_phage_archive_member; review_limitations=spot_matrix_only_no_productive_infection_claim
NA	phagehostlearn_2024_phage_A1q	Klebsiella pneumoniae species complex	NA	NA	NA	44945	53.939	data/metadata/external/phagehostlearn/phages_genomes.zip::phages_genomes/A1q.fasta	source_id=A1q; source_study=phagehostlearn_2024; source_reference=https://doi.org/10.5281/zenodo.11061100; https://doi.org/10.1038/s41467-024-48675-6; benchmark_entity=true; review_status=reviewed; spot-test benchmark phage; source catalog imports only reviewed source-identity rows; zip_member=phages_genomes/A1q.fasta; zip_md5=f43159fd3473e2d22a56fec27e8d443c; member_size_bytes=44951; sequence_count=1; review_scope=source_identity_only; review_basis=phagehostlearn_matrix_and_phage_archive_member; review_limitations=spot_matrix_only_no_productive_infection_claim
NA	phagehostlearn_2024_phage_A1r	Klebsiella pneumoniae species complex	NA	NA	NA	43546	53.931	data/metadata/external/phagehostlearn/phages_genomes.zip::phages_genomes/A1r.fasta	source_id=A1r; source_study=phagehostlearn_2024; source_reference=https://doi.org/10.5281/zenodo.11061100; https://doi.org/10.1038/s41467-024-48675-6; benchmark_entity=true; review_status=reviewed; spot-test benchmark phage; source catalog imports only reviewed source-identity rows; zip_member=phages_genomes/A1r.fasta; zip_md5=f43159fd3473e2d22a56fec27e8d443c; member_size_bytes=43552; sequence_count=1; review_scope=source_identity_only; review_basis=phagehostlearn_matrix_and_phage_archive_member; review_limitations=spot_matrix_only_no_productive_infection_claim
NA	phagehostlearn_2024_phage_A2a	Klebsiella pneumoniae species complex	NA	NA	NA	45098	51.781	data/metadata/external/phagehostlearn/phages_genomes.zip::phages_genomes/A2a.fasta	source_id=A2a; source_study=phagehostlearn_2024; source_reference=https://doi.org/10.5281/zenodo.11061100; https://doi.org/10.1038/s41467-024-48675-6; benchmark_entity=true; review_status=reviewed; spot-test benchmark phage; source catalog imports only reviewed source-identity rows; zip_member=phages_genomes/A2a.fasta; zip_md5=f43159fd3473e2d22a56fec27e8d443c; member_size_bytes=45104; sequence_count=1; review_scope=source_identity_only; review_basis=phagehostlearn_matrix_and_phage_archive_member; review_limitations=spot_matrix_only_no_productive_infection_claim
NA	phagehostlearn_2024_phage_A2a_b	Klebsiella pneumoniae species complex	NA	NA	NA	45304	51.779	data/metadata/external/phagehostlearn/phages_genomes.zip::phages_genomes/A2a_b.fasta	source_id=A2a_b; source_study=phagehostlearn_2024; source_reference=https://doi.org/10.5281/zenodo.11061100; https://doi.org/10.1038/s41467-024-48675-6; benchmark_entity=true; review_status=reviewed; spot-test benchmark phage; source catalog imports only reviewed source-identity rows; zip_member=phages_genomes/A2a_b.fasta; zip_md5=f43159fd3473e2d22a56fec27e8d443c; member_size_bytes=45312; sequence_count=1; review_scope=source_identity_only; review_basis=phagehostlearn_matrix_and_phage_archive_member; review_limitations=spot_matrix_only_no_productive_infection_claim
NA	phagehostlearn_2024_phage_A2b	Klebsiella pneumoniae species complex	NA	NA	NA	45221	51.903	data/metadata/external/phagehostlearn/phages_genomes.zip::phages_genomes/A2b.fasta	source_id=A2b; source_study=phagehostlearn_2024; source_reference=https://doi.org/10.5281/zenodo.11061100; https://doi.org/10.1038/s41467-024-48675-6; benchmark_entity=true; review_status=reviewed; spot-test benchmark phage; source catalog imports only reviewed source-identity rows; zip_member=phages_genomes/A2b.fasta; zip_md5=f43159fd3473e2d22a56fec27e8d443c; member_size_bytes=45227; sequence_count=1; review_scope=source_identity_only; review_basis=phagehostlearn_matrix_and_phage_archive_member; review_limitations=spot_matrix_only_no_productive_infection_claim
NA	phagehostlearn_2024_phage_A3a	Klebsiella pneumoniae species complex	NA	NA	NA	40318	53.192	data/metadata/external/phagehostlearn/phages_genomes.zip::phages_genomes/A3a.fasta	source_id=A3a; source_study=phagehostlearn_2024; source_reference=https://doi.org/10.5281/zenodo.11061100; https://doi.org/10.1038/s41467-024-48675-6; benchmark_entity=true; review_status=reviewed; spot-test benchmark phage; source catalog imports only reviewed source-identity rows; zip_member=phages_genomes/A3a.fasta; zip_md5=f43159fd3473e2d22a56fec27e8d443c; member_size_bytes=40324; sequence_count=1; review_scope=source_identity_only; review_basis=phagehostlearn_matrix_and_phage_archive_member; review_limitations=spot_matrix_only_no_productive_infection_claim
NA	phagehostlearn_2024_phage_A3b	Klebsiella pneumoniae species complex	NA	NA	NA	40231	53.118	data/metadata/external/phagehostlearn/phages_genomes.zip::phages_genomes/A3b.fasta	source_id=A3b; source_study=phagehostlearn_2024; source_reference=https://doi.org/10.5281/zenodo.11061100; https://doi.org/10.1038/s41467-024-48675-6; benchmark_entity=true; review_status=reviewed; spot-test benchmark phage; source catalog imports only reviewed source-identity rows; zip_member=phages_genomes/A3b.fasta; zip_md5=f43159fd3473e2d22a56fec27e8d443c; member_size_bytes=40237; sequence_count=1; review_scope=source_identity_only; review_basis=phagehostlearn_matrix_and_phage_archive_member; review_limitations=spot_matrix_only_no_productive_infection_claim
NA	phagehostlearn_2024_phage_A3c	Klebsiella pneumoniae species complex	NA	NA	NA	40260	53.279	data/metadata/external/phagehostlearn/phages_genomes.zip::phages_genomes/A3c.fasta	source_id=A3c; source_study=phagehostlearn_2024; source_reference=https://doi.org/10.5281/zenodo.11061100; https://doi.org/10.1038/s41467-024-48675-6; benchmark_entity=true; review_status=reviewed; spot-test benchmark phage; source catalog imports only reviewed source-identity rows; zip_member=phages_genomes/A3c.fasta; zip_md5=f43159fd3473e2d22a56fec27e8d443c; member_size_bytes=40266; sequence_count=1; review_scope=source_identity_only; review_basis=phagehostlearn_matrix_and_phage_archive_member; review_limitations=spot_matrix_only_no_productive_infection_claim
NA	phagehostlearn_2024_phage_A3d	Klebsiella pneumoniae species complex	NA	NA	NA	40499	51.811	data/metadata/external/phagehostlearn/phages_genomes.zip::phages_genomes/A3d.fasta	source_id=A3d; source_study=phagehostlearn_2024; source_reference=https://doi.org/10.5281/zenodo.11061100; https://doi.org/10.1038/s41467-024-48675-6; benchmark_entity=true; review_status=reviewed; spot-test benchmark phage; source catalog imports only reviewed source-identity rows; zip_member=phages_genomes/A3d.fasta; zip_md5=f43159fd3473e2d22a56fec27e8d443c; member_size_bytes=40505; sequence_count=1; review_scope=source_identity_only; review_basis=phagehostlearn_matrix_and_phage_archive_member; review_limitations=spot_matrix_only_no_productive_infection_claim
NA	phagehostlearn_2024_phage_D7a	Klebsiella pneumoniae species complex	NA	NA	NA	49878	50.094	data/metadata/external/phagehostlearn/phages_genomes.zip::phages_genomes/D7a.fasta	source_id=D7a; source_study=phagehostlearn_2024; source_reference=https://doi.org/10.5281/zenodo.11061100; https://doi.org/10.1038/s41467-024-48675-6; benchmark_entity=true; review_status=reviewed; spot-test benchmark phage; source catalog imports only reviewed source-identity rows; zip_member=phages_genomes/D7a.fasta; zip_md5=f43159fd3473e2d22a56fec27e8d443c; member_size_bytes=49884; sequence_count=1; review_scope=source_identity_only; review_basis=phagehostlearn_matrix_and_phage_archive_member; review_limitations=spot_matrix_only_no_productive_infection_claim
NA	phagehostlearn_2024_phage_D7b	Klebsiella pneumoniae species complex	NA	NA	NA	49577	50.057	data/metadata/external/phagehostlearn/phages_genomes.zip::phages_genomes/D7b.fasta	source_id=D7b; source_study=phagehostlearn_2024; source_reference=https://doi.org/10.5281/zenodo.11061100; https://doi.org/10.1038/s41467-024-48675-6; benchmark_entity=true; review_status=reviewed; spot-test benchmark phage; source catalog imports only reviewed source-identity rows; zip_member=phages_genomes/D7b.fasta; zip_md5=f43159fd3473e2d22a56fec27e8d443c; member_size_bytes=49583; sequence_count=1; review_scope=source_identity_only; review_basis=phagehostlearn_matrix_and_phage_archive_member; review_limitations=spot_matrix_only_no_productive_infection_claim
NA	phagehostlearn_2024_phage_D7c	Klebsiella pneumoniae species complex	NA	NA	NA	49322	50.022	data/metadata/external/phagehostlearn/phages_genomes.zip::phages_genomes/D7c.fasta	source_id=D7c; source_study=phagehostlearn_2024; source_reference=https://doi.org/10.5281/zenodo.11061100; https://doi.org/10.1038/s41467-024-48675-6; benchmark_entity=true; review_status=reviewed; spot-test benchmark phage; source catalog imports only reviewed source-identity rows; zip_member=phages_genomes/D7c.fasta; zip_md5=f43159fd3473e2d22a56fec27e8d443c; member_size_bytes=49328; sequence_count=1; review_scope=source_identity_only; review_basis=phagehostlearn_matrix_and_phage_archive_member; review_limitations=spot_matrix_only_no_productive_infection_claim
NA	phagehostlearn_2024_phage_K10PH82C1	Klebsiella pneumoniae species complex	NA	NA	NA	40779	53.067	data/metadata/external/phagehostlearn/phages_genomes.zip::phages_genomes/K10PH82C1.fasta	source_id=K10PH82C1; source_study=phagehostlearn_2024; source_reference=https://doi.org/10.5281/zenodo.11061100; https://doi.org/10.1038/s41467-024-48675-6; benchmark_entity=true; review_status=reviewed; spot-test benchmark phage; source catalog imports only reviewed source-identity rows; zip_member=phages_genomes/K10PH82C1.fasta; zip_md5=f43159fd3473e2d22a56fec27e8d443c; member_size_bytes=40825; sequence_count=1; review_scope=source_identity_only; review_basis=phagehostlearn_matrix_and_phage_archive_member; review_limitations=spot_matrix_only_no_productive_infection_claim
NA	phagehostlearn_2024_phage_K11PH164C1	Klebsiella pneumoniae species complex	NA	NA	NA	40697	53.314	data/metadata/external/phagehostlearn/phages_genomes.zip::phages_genomes/K11PH164C1.fasta	source_id=K11PH164C1; source_study=phagehostlearn_2024; source_reference=https://doi.org/10.5281/zenodo.11061100; https://doi.org/10.1038/s41467-024-48675-6; benchmark_entity=true; review_status=reviewed; spot-test benchmark phage; source catalog imports only reviewed source-identity rows; zip_member=phages_genomes/K11PH164C1.fasta; zip_md5=f43159fd3473e2d22a56fec27e8d443c; member_size_bytes=40744; sequence_count=1; review_scope=source_identity_only; review_basis=phagehostlearn_matrix_and_phage_archive_member; review_limitations=spot_matrix_only_no_productive_infection_claim
NA	phagehostlearn_2024_phage_K12P1_1	Klebsiella pneumoniae species complex	NA	NA	NA	39630	50.270	data/metadata/external/phagehostlearn/phages_genomes.zip::phages_genomes/K12P1_1.fasta	source_id=K12P1_1; source_study=phagehostlearn_2024; source_reference=https://doi.org/10.5281/zenodo.11061100; https://doi.org/10.1038/s41467-024-48675-6; benchmark_entity=true; review_status=reviewed; spot-test benchmark phage; source catalog imports only reviewed source-identity rows; zip_member=phages_genomes/K12P1_1.fasta; zip_md5=f43159fd3473e2d22a56fec27e8d443c; member_size_bytes=39674; sequence_count=1; review_scope=source_identity_only; review_basis=phagehostlearn_matrix_and_phage_archive_member; review_limitations=spot_matrix_only_no_productive_infection_claim
NA	phagehostlearn_2024_phage_K13PH07C1L	Klebsiella pneumoniae species complex	NA	NA	NA	46275	51.734	data/metadata/external/phagehostlearn/phages_genomes.zip::phages_genomes/K13PH07C1L.fasta	source_id=K13PH07C1L; source_study=phagehostlearn_2024; source_reference=https://doi.org/10.5281/zenodo.11061100; https://doi.org/10.1038/s41467-024-48675-6; benchmark_entity=true; review_status=reviewed; spot-test benchmark phage; source catalog imports only reviewed source-identity rows; zip_member=phages_genomes/K13PH07C1L.fasta; zip_md5=f43159fd3473e2d22a56fec27e8d443c; member_size_bytes=46322; sequence_count=1; review_scope=source_identity_only; review_basis=phagehostlearn_matrix_and_phage_archive_member; review_limitations=spot_matrix_only_no_productive_infection_claim
NA	phagehostlearn_2024_phage_K13PH07C1S	Klebsiella pneumoniae species complex	NA	NA	NA	46275	51.732	data/metadata/external/phagehostlearn/phages_genomes.zip::phages_genomes/K13PH07C1S.fasta	source_id=K13PH07C1S; source_study=phagehostlearn_2024; source_reference=https://doi.org/10.5281/zenodo.11061100; https://doi.org/10.1038/s41467-024-48675-6; benchmark_entity=true; review_status=reviewed; spot-test benchmark phage; source catalog imports only reviewed source-identity rows; zip_member=phages_genomes/K13PH07C1S.fasta; zip_md5=f43159fd3473e2d22a56fec27e8d443c; member_size_bytes=46322; sequence_count=1; review_scope=source_identity_only; review_basis=phagehostlearn_matrix_and_phage_archive_member; review_limitations=spot_matrix_only_no_productive_infection_claim
NA	phagehostlearn_2024_phage_K14PH164C1	Klebsiella pneumoniae species complex	NA	NA	NA	48985	50.520	data/metadata/external/phagehostlearn/phages_genomes.zip::phages_genomes/K14PH164C1.fasta	source_id=K14PH164C1; source_study=phagehostlearn_2024; source_reference=https://doi.org/10.5281/zenodo.11061100; https://doi.org/10.1038/s41467-024-48675-6; benchmark_entity=true; review_status=reviewed; spot-test benchmark phage; source catalog imports only reviewed source-identity rows; zip_member=phages_genomes/K14PH164C1.fasta; zip_md5=f43159fd3473e2d22a56fec27e8d443c; member_size_bytes=49032; sequence_count=1; review_scope=source_identity_only; review_basis=phagehostlearn_matrix_and_phage_archive_member; review_limitations=spot_matrix_only_no_productive_infection_claim
NA	phagehostlearn_2024_phage_K15PH90	Klebsiella pneumoniae species complex	NA	NA	NA	44165	53.891	data/metadata/external/phagehostlearn/phages_genomes.zip::phages_genomes/K15PH90.fasta	source_id=K15PH90; source_study=phagehostlearn_2024; source_reference=https://doi.org/10.5281/zenodo.11061100; https://doi.org/10.1038/s41467-024-48675-6; benchmark_entity=true; review_status=reviewed; spot-test benchmark phage; source catalog imports only reviewed source-identity rows; zip_member=phages_genomes/K15PH90.fasta; zip_md5=f43159fd3473e2d22a56fec27e8d443c; member_size_bytes=44209; sequence_count=1; review_scope=source_identity_only; review_basis=phagehostlearn_matrix_and_phage_archive_member; review_limitations=spot_matrix_only_no_productive_infection_claim
NA	phagehostlearn_2024_phage_K16PH164C3	Klebsiella pneumoniae species complex	NA	NA	NA	39156	51.234	data/metadata/external/phagehostlearn/phages_genomes.zip::phages_genomes/K16PH164C3.fasta	source_id=K16PH164C3; source_study=phagehostlearn_2024; source_reference=https://doi.org/10.5281/zenodo.11061100; https://doi.org/10.1038/s41467-024-48675-6; benchmark_entity=true; review_status=reviewed; spot-test benchmark phage; source catalog imports only reviewed source-identity rows; zip_member=phages_genomes/K16PH164C3.fasta; zip_md5=f43159fd3473e2d22a56fec27e8d443c; member_size_bytes=39203; sequence_count=1; review_scope=source_identity_only; review_basis=phagehostlearn_matrix_and_phage_archive_member; review_limitations=spot_matrix_only_no_productive_infection_claim
NA	phagehostlearn_2024_phage_K17alfa61	Klebsiella pneumoniae species complex	NA	NA	NA	48430	50.673	data/metadata/external/phagehostlearn/phages_genomes.zip::phages_genomes/K17alfa61.fasta	source_id=K17alfa61; source_study=phagehostlearn_2024; source_reference=https://doi.org/10.5281/zenodo.11061100; https://doi.org/10.1038/s41467-024-48675-6; benchmark_entity=true; review_status=reviewed; spot-test benchmark phage; source catalog imports only reviewed source-identity rows; zip_member=phages_genomes/K17alfa61.fasta; zip_md5=f43159fd3473e2d22a56fec27e8d443c; member_size_bytes=48476; sequence_count=1; review_scope=source_identity_only; review_basis=phagehostlearn_matrix_and_phage_archive_member; review_limitations=spot_matrix_only_no_productive_infection_claim
NA	phagehostlearn_2024_phage_K17alfa62	Klebsiella pneumoniae species complex	NA	NA	NA	76246	44.255	data/metadata/external/phagehostlearn/phages_genomes.zip::phages_genomes/K17alfa62.fasta	source_id=K17alfa62; source_study=phagehostlearn_2024; source_reference=https://doi.org/10.5281/zenodo.11061100; https://doi.org/10.1038/s41467-024-48675-6; benchmark_entity=true; review_status=reviewed; spot-test benchmark phage; source catalog imports only reviewed source-identity rows; zip_member=phages_genomes/K17alfa62.fasta; zip_md5=f43159fd3473e2d22a56fec27e8d443c; member_size_bytes=76292; sequence_count=1; review_scope=source_identity_only; review_basis=phagehostlearn_matrix_and_phage_archive_member; review_limitations=spot_matrix_only_no_productive_infection_claim
NA	phagehostlearn_2024_phage_K18PH07C1	Klebsiella pneumoniae species complex	NA	NA	NA	149893	44.471	data/metadata/external/phagehostlearn/phages_genomes.zip::phages_genomes/K18PH07C1.fasta	source_id=K18PH07C1; source_study=phagehostlearn_2024; source_reference=https://doi.org/10.5281/zenodo.11061100; https://doi.org/10.1038/s41467-024-48675-6; benchmark_entity=true; review_status=reviewed; spot-test benchmark phage; source catalog imports only reviewed source-identity rows; zip_member=phages_genomes/K18PH07C1.fasta; zip_md5=f43159fd3473e2d22a56fec27e8d443c; member_size_bytes=149939; sequence_count=1; review_scope=source_identity_only; review_basis=phagehostlearn_matrix_and_phage_archive_member; review_limitations=spot_matrix_only_no_productive_infection_claim
NA	phagehostlearn_2024_phage_K19PH14C4P1	Klebsiella pneumoniae species complex	NA	NA	NA	NA	NA		source_id=K19PH14C4P1; source_study=phagehostlearn_2024; source_reference=https://doi.org/10.5281/zenodo.11061100; https://doi.org/10.1038/s41467-024-48675-6; benchmark_entity=true; review_status=pending_entity_review; spot-test benchmark phage; source catalog imports only reviewed source-identity rows; zip_member=NA; zip_md5=NA; member_size_bytes=NA; sequence_count=NA
NA	phagehostlearn_2024_phage_K1PH164C1	Klebsiella pneumoniae species complex	NA	NA	NA	44169	53.972	data/metadata/external/phagehostlearn/phages_genomes.zip::phages_genomes/K1PH164C1.fasta	source_id=K1PH164C1; source_study=phagehostlearn_2024; source_reference=https://doi.org/10.5281/zenodo.11061100; https://doi.org/10.1038/s41467-024-48675-6; benchmark_entity=true; review_status=reviewed; spot-test benchmark phage; source catalog imports only reviewed source-identity rows; zip_member=phages_genomes/K1PH164C1.fasta; zip_md5=f43159fd3473e2d22a56fec27e8d443c; member_size_bytes=44215; sequence_count=1; review_scope=source_identity_only; review_basis=phagehostlearn_matrix_and_phage_archive_member; review_limitations=spot_matrix_only_no_productive_infection_claim
NA	phagehostlearn_2024_phage_K1lambda5	Klebsiella pneumoniae species complex	NA	NA	NA	NA	NA		source_id=K1lambda5; source_study=phagehostlearn_2024; source_reference=https://doi.org/10.5281/zenodo.11061100; https://doi.org/10.1038/s41467-024-48675-6; benchmark_entity=true; review_status=pending_entity_review; spot-test benchmark phage; source catalog imports only reviewed source-identity rows; zip_member=NA; zip_md5=NA; member_size_bytes=NA; sequence_count=NA
NA	phagehostlearn_2024_phage_K2064PH2	Klebsiella pneumoniae species complex	NA	NA	NA	49637	50.773	data/metadata/external/phagehostlearn/phages_genomes.zip::phages_genomes/K2064PH2.fasta	source_id=K2064PH2; source_study=phagehostlearn_2024; source_reference=https://doi.org/10.5281/zenodo.11061100; https://doi.org/10.1038/s41467-024-48675-6; benchmark_entity=true; review_status=reviewed; spot-test benchmark phage; source catalog imports only reviewed source-identity rows; zip_member=phages_genomes/K2064PH2.fasta; zip_md5=f43159fd3473e2d22a56fec27e8d443c; member_size_bytes=50492; sequence_count=1; review_scope=source_identity_only; review_basis=phagehostlearn_matrix_and_phage_archive_member; review_limitations=spot_matrix_only_no_productive_infection_claim
NA	phagehostlearn_2024_phage_K2069PH1	Klebsiella pneumoniae species complex	NA	NA	NA	49869	51.062	data/metadata/external/phagehostlearn/phages_genomes.zip::phages_genomes/K2069PH1.fasta	source_id=K2069PH1; source_study=phagehostlearn_2024; source_reference=https://doi.org/10.5281/zenodo.11061100; https://doi.org/10.1038/s41467-024-48675-6; benchmark_entity=true; review_status=reviewed; spot-test benchmark phage; source catalog imports only reviewed source-identity rows; zip_member=phages_genomes/K2069PH1.fasta; zip_md5=f43159fd3473e2d22a56fec27e8d443c; member_size_bytes=50731; sequence_count=1; review_scope=source_identity_only; review_basis=phagehostlearn_matrix_and_phage_archive_member; review_limitations=spot_matrix_only_no_productive_infection_claim
NA	phagehostlearn_2024_phage_K2069PH2	Klebsiella pneumoniae species complex	NA	NA	NA	NA	NA		source_id=K2069PH2; source_study=phagehostlearn_2024; source_reference=https://doi.org/10.5281/zenodo.11061100; https://doi.org/10.1038/s41467-024-48675-6; benchmark_entity=true; review_status=pending_entity_review; spot-test benchmark phage; source catalog imports only reviewed source-identity rows; zip_member=NA; zip_md5=NA; member_size_bytes=NA; sequence_count=NA
NA	phagehostlearn_2024_phage_K21lambda1	Klebsiella pneumoniae species complex	NA	NA	NA	47378	56.758	data/metadata/external/phagehostlearn/phages_genomes.zip::phages_genomes/K21lambda1.fasta	source_id=K21lambda1; source_study=phagehostlearn_2024; source_reference=https://doi.org/10.5281/zenodo.11061100; https://doi.org/10.1038/s41467-024-48675-6; benchmark_entity=true; review_status=reviewed; spot-test benchmark phage; source catalog imports only reviewed source-identity rows; zip_member=phages_genomes/K21lambda1.fasta; zip_md5=f43159fd3473e2d22a56fec27e8d443c; member_size_bytes=47425; sequence_count=1; review_scope=source_identity_only; review_basis=phagehostlearn_matrix_and_phage_archive_member; review_limitations=spot_matrix_only_no_productive_infection_claim
NA	phagehostlearn_2024_phage_K22PH164C1	Klebsiella pneumoniae species complex	NA	NA	NA	NA	NA		source_id=K22PH164C1; source_study=phagehostlearn_2024; source_reference=https://doi.org/10.5281/zenodo.11061100; https://doi.org/10.1038/s41467-024-48675-6; benchmark_entity=true; review_status=pending_entity_review; spot-test benchmark phage; source catalog imports only reviewed source-identity rows; zip_member=NA; zip_md5=NA; member_size_bytes=NA; sequence_count=NA
NA	phagehostlearn_2024_phage_K23PH08C2	Klebsiella pneumoniae species complex	NA	NA	NA	145187	44.599	data/metadata/external/phagehostlearn/phages_genomes.zip::phages_genomes/K23PH08C2.fasta	source_id=K23PH08C2; source_study=phagehostlearn_2024; source_reference=https://doi.org/10.5281/zenodo.11061100; https://doi.org/10.1038/s41467-024-48675-6; benchmark_entity=true; review_status=reviewed; spot-test benchmark phage; source catalog imports only reviewed source-identity rows; zip_member=phages_genomes/K23PH08C2.fasta; zip_md5=f43159fd3473e2d22a56fec27e8d443c; member_size_bytes=145233; sequence_count=1; review_scope=source_identity_only; review_basis=phagehostlearn_matrix_and_phage_archive_member; review_limitations=spot_matrix_only_no_productive_infection_claim
NA	phagehostlearn_2024_phage_K24PH164C1	Klebsiella pneumoniae species complex	NA	NA	NA	NA	NA		source_id=K24PH164C1; source_study=phagehostlearn_2024; source_reference=https://doi.org/10.5281/zenodo.11061100; https://doi.org/10.1038/s41467-024-48675-6; benchmark_entity=true; review_status=pending_entity_review; spot-test benchmark phage; source catalog imports only reviewed source-identity rows; zip_member=NA; zip_md5=NA; member_size_bytes=NA; sequence_count=NA
NA	phagehostlearn_2024_phage_K25PH129C1	Klebsiella pneumoniae species complex	NA	NA	NA	44052	53.870	data/metadata/external/phagehostlearn/phages_genomes.zip::phages_genomes/K25PH129C1.fasta	source_id=K25PH129C1; source_study=phagehostlearn_2024; source_reference=https://doi.org/10.5281/zenodo.11061100; https://doi.org/10.1038/s41467-024-48675-6; benchmark_entity=true; review_status=reviewed; spot-test benchmark phage; source catalog imports only reviewed source-identity rows; zip_member=phages_genomes/K25PH129C1.fasta; zip_md5=f43159fd3473e2d22a56fec27e8d443c; member_size_bytes=44099; sequence_count=1; review_scope=source_identity_only; review_basis=phagehostlearn_matrix_and_phage_archive_member; review_limitations=spot_matrix_only_no_productive_infection_claim
NA	phagehostlearn_2024_phage_K26PH128C1	Klebsiella pneumoniae species complex	NA	NA	NA	NA	NA		source_id=K26PH128C1; source_study=phagehostlearn_2024; source_reference=https://doi.org/10.5281/zenodo.11061100; https://doi.org/10.1038/s41467-024-48675-6; benchmark_entity=true; review_status=pending_entity_review; spot-test benchmark phage; source catalog imports only reviewed source-identity rows; zip_member=NA; zip_md5=NA; member_size_bytes=NA; sequence_count=NA
NA	phagehostlearn_2024_phage_K27PH129C1	Klebsiella pneumoniae species complex	NA	NA	NA	40161	52.439	data/metadata/external/phagehostlearn/phages_genomes.zip::phages_genomes/K27PH129C1.fasta	source_id=K27PH129C1; source_study=phagehostlearn_2024; source_reference=https://doi.org/10.5281/zenodo.11061100; https://doi.org/10.1038/s41467-024-48675-6; benchmark_entity=true; review_status=reviewed; spot-test benchmark phage; source catalog imports only reviewed source-identity rows; zip_member=phages_genomes/K27PH129C1.fasta; zip_md5=f43159fd3473e2d22a56fec27e8d443c; member_size_bytes=40208; sequence_count=1; review_scope=source_identity_only; review_basis=phagehostlearn_matrix_and_phage_archive_member; review_limitations=spot_matrix_only_no_productive_infection_claim
NA	phagehostlearn_2024_phage_K28PH129	Klebsiella pneumoniae species complex	NA	NA	NA	49491	51.155	data/metadata/external/phagehostlearn/phages_genomes.zip::phages_genomes/K28PH129.fasta	source_id=K28PH129; source_study=phagehostlearn_2024; source_reference=https://doi.org/10.5281/zenodo.11061100; https://doi.org/10.1038/s41467-024-48675-6; benchmark_entity=true; review_status=reviewed; spot-test benchmark phage; source catalog imports only reviewed source-identity rows; zip_member=phages_genomes/K28PH129.fasta; zip_md5=f43159fd3473e2d22a56fec27e8d443c; member_size_bytes=49536; sequence_count=1; review_scope=source_identity_only; review_basis=phagehostlearn_matrix_and_phage_archive_member; review_limitations=spot_matrix_only_no_productive_infection_claim
NA	phagehostlearn_2024_phage_K29PH164C1	Klebsiella pneumoniae species complex	NA	NA	NA	52671	48.997	data/metadata/external/phagehostlearn/phages_genomes.zip::phages_genomes/K29PH164C1.fasta	source_id=K29PH164C1; source_study=phagehostlearn_2024; source_reference=https://doi.org/10.5281/zenodo.11061100; https://doi.org/10.1038/s41467-024-48675-6; benchmark_entity=true; review_status=reviewed; spot-test benchmark phage; source catalog imports only reviewed source-identity rows; zip_member=phages_genomes/K29PH164C1.fasta; zip_md5=f43159fd3473e2d22a56fec27e8d443c; member_size_bytes=52718; sequence_count=1; review_scope=source_identity_only; review_basis=phagehostlearn_matrix_and_phage_archive_member; review_limitations=spot_matrix_only_no_productive_infection_claim
NA	phagehostlearn_2024_phage_K2PH164C1	Klebsiella pneumoniae species complex	NA	NA	NA	48749	50.229	data/metadata/external/phagehostlearn/phages_genomes.zip::phages_genomes/K2PH164C1.fasta	source_id=K2PH164C1; source_study=phagehostlearn_2024; source_reference=https://doi.org/10.5281/zenodo.11061100; https://doi.org/10.1038/s41467-024-48675-6; benchmark_entity=true; review_status=reviewed; spot-test benchmark phage; source catalog imports only reviewed source-identity rows; zip_member=phages_genomes/K2PH164C1.fasta; zip_md5=f43159fd3473e2d22a56fec27e8d443c; member_size_bytes=48795; sequence_count=1; review_scope=source_identity_only; review_basis=phagehostlearn_matrix_and_phage_archive_member; review_limitations=spot_matrix_only_no_productive_infection_claim
NA	phagehostlearn_2024_phage_K2PH164C2	Klebsiella pneumoniae species complex	NA	NA	NA	49365	50.457	data/metadata/external/phagehostlearn/phages_genomes.zip::phages_genomes/K2PH164C2.fasta	source_id=K2PH164C2; source_study=phagehostlearn_2024; source_reference=https://doi.org/10.5281/zenodo.11061100; https://doi.org/10.1038/s41467-024-48675-6; benchmark_entity=true; review_status=reviewed; spot-test benchmark phage; source catalog imports only reviewed source-identity rows; zip_member=phages_genomes/K2PH164C2.fasta; zip_md5=f43159fd3473e2d22a56fec27e8d443c; member_size_bytes=49411; sequence_count=1; review_scope=source_identity_only; review_basis=phagehostlearn_matrix_and_phage_archive_member; review_limitations=spot_matrix_only_no_productive_infection_claim
NA	phagehostlearn_2024_phage_K2alfa62	Klebsiella pneumoniae species complex	NA	NA	NA	49218	49.957	data/metadata/external/phagehostlearn/phages_genomes.zip::phages_genomes/K2alfa62.fasta	source_id=K2alfa62; source_study=phagehostlearn_2024; source_reference=https://doi.org/10.5281/zenodo.11061100; https://doi.org/10.1038/s41467-024-48675-6; benchmark_entity=true; review_status=reviewed; spot-test benchmark phage; source catalog imports only reviewed source-identity rows; zip_member=phages_genomes/K2alfa62.fasta; zip_md5=f43159fd3473e2d22a56fec27e8d443c; member_size_bytes=49263; sequence_count=1; review_scope=source_identity_only; review_basis=phagehostlearn_matrix_and_phage_archive_member; review_limitations=spot_matrix_only_no_productive_infection_claim
NA	phagehostlearn_2024_phage_K30lambda2	Klebsiella pneumoniae species complex	NA	NA	NA	111917	45.446	data/metadata/external/phagehostlearn/phages_genomes.zip::phages_genomes/K30lambda2.fasta	source_id=K30lambda2; source_study=phagehostlearn_2024; source_reference=https://doi.org/10.5281/zenodo.11061100; https://doi.org/10.1038/s41467-024-48675-6; benchmark_entity=true; review_status=reviewed; spot-test benchmark phage; source catalog imports only reviewed source-identity rows; zip_member=phages_genomes/K30lambda2.fasta; zip_md5=f43159fd3473e2d22a56fec27e8d443c; member_size_bytes=111966; sequence_count=1; review_scope=source_identity_only; review_basis=phagehostlearn_matrix_and_phage_archive_member; review_limitations=spot_matrix_only_no_productive_infection_claim
NA	phagehostlearn_2024_phage_K31PH164	Klebsiella pneumoniae species complex	NA	NA	NA	NA	NA		source_id=K31PH164; source_study=phagehostlearn_2024; source_reference=https://doi.org/10.5281/zenodo.11061100; https://doi.org/10.1038/s41467-024-48675-6; benchmark_entity=true; review_status=pending_entity_review; spot-test benchmark phage; source catalog imports only reviewed source-identity rows; zip_member=NA; zip_md5=NA; member_size_bytes=NA; sequence_count=NA
NA	phagehostlearn_2024_phage_K32PH164C1	Klebsiella pneumoniae species complex	NA	NA	NA	110613	45.370	data/metadata/external/phagehostlearn/phages_genomes.zip::phages_genomes/K32PH164C1.fasta	source_id=K32PH164C1; source_study=phagehostlearn_2024; source_reference=https://doi.org/10.5281/zenodo.11061100; https://doi.org/10.1038/s41467-024-48675-6; benchmark_entity=true; review_status=reviewed; spot-test benchmark phage; source catalog imports only reviewed source-identity rows; zip_member=phages_genomes/K32PH164C1.fasta; zip_md5=f43159fd3473e2d22a56fec27e8d443c; member_size_bytes=110660; sequence_count=1; review_scope=source_identity_only; review_basis=phagehostlearn_matrix_and_phage_archive_member; review_limitations=spot_matrix_only_no_productive_infection_claim
NA	phagehostlearn_2024_phage_K33PH14C2	Klebsiella pneumoniae species complex	NA	NA	NA	51554	51.645	data/metadata/external/phagehostlearn/phages_genomes.zip::phages_genomes/K33PH14C2.fasta	source_id=K33PH14C2; source_study=phagehostlearn_2024; source_reference=https://doi.org/10.5281/zenodo.11061100; https://doi.org/10.1038/s41467-024-48675-6; benchmark_entity=true; review_status=reviewed; spot-test benchmark phage; source catalog imports only reviewed source-identity rows; zip_member=phages_genomes/K33PH14C2.fasta; zip_md5=f43159fd3473e2d22a56fec27e8d443c; member_size_bytes=51600; sequence_count=1; review_scope=source_identity_only; review_basis=phagehostlearn_matrix_and_phage_archive_member; review_limitations=spot_matrix_only_no_productive_infection_claim
NA	phagehostlearn_2024_phage_K34PH164	Klebsiella pneumoniae species complex	NA	NA	NA	48306	56.960	data/metadata/external/phagehostlearn/phages_genomes.zip::phages_genomes/K34PH164.fasta	source_id=K34PH164; source_study=phagehostlearn_2024; source_reference=https://doi.org/10.5281/zenodo.11061100; https://doi.org/10.1038/s41467-024-48675-6; benchmark_entity=true; review_status=reviewed; spot-test benchmark phage; source catalog imports only reviewed source-identity rows; zip_member=phages_genomes/K34PH164.fasta; zip_md5=f43159fd3473e2d22a56fec27e8d443c; member_size_bytes=48351; sequence_count=1; review_scope=source_identity_only; review_basis=phagehostlearn_matrix_and_phage_archive_member; review_limitations=spot_matrix_only_no_productive_infection_claim
NA	phagehostlearn_2024_phage_K35PH164C3	Klebsiella pneumoniae species complex	NA	NA	NA	40034	53.107	data/metadata/external/phagehostlearn/phages_genomes.zip::phages_genomes/K35PH164C3.fasta	source_id=K35PH164C3; source_study=phagehostlearn_2024; source_reference=https://doi.org/10.5281/zenodo.11061100; https://doi.org/10.1038/s41467-024-48675-6; benchmark_entity=true; review_status=reviewed; spot-test benchmark phage; source catalog imports only reviewed source-identity rows; zip_member=phages_genomes/K35PH164C3.fasta; zip_md5=f43159fd3473e2d22a56fec27e8d443c; member_size_bytes=40081; sequence_count=1; review_scope=source_identity_only; review_basis=phagehostlearn_matrix_and_phage_archive_member; review_limitations=spot_matrix_only_no_productive_infection_claim
NA	phagehostlearn_2024_phage_K36PH128C2B	Klebsiella pneumoniae species complex	NA	NA	NA	NA	NA		source_id=K36PH128C2B; source_study=phagehostlearn_2024; source_reference=https://doi.org/10.5281/zenodo.11061100; https://doi.org/10.1038/s41467-024-48675-6; benchmark_entity=true; review_status=pending_entity_review; spot-test benchmark phage; source catalog imports only reviewed source-identity rows; zip_member=NA; zip_md5=NA; member_size_bytes=NA; sequence_count=NA
NA	phagehostlearn_2024_phage_K37PH164C1	Klebsiella pneumoniae species complex	NA	NA	NA	NA	NA		source_id=K37PH164C1; source_study=phagehostlearn_2024; source_reference=https://doi.org/10.5281/zenodo.11061100; https://doi.org/10.1038/s41467-024-48675-6; benchmark_entity=true; review_status=pending_entity_review; spot-test benchmark phage; source catalog imports only reviewed source-identity rows; zip_member=NA; zip_md5=NA; member_size_bytes=NA; sequence_count=NA
NA	phagehostlearn_2024_phage_K38PH09C2	Klebsiella pneumoniae species complex	NA	NA	NA	NA	NA		source_id=K38PH09C2; source_study=phagehostlearn_2024; source_reference=https://doi.org/10.5281/zenodo.11061100; https://doi.org/10.1038/s41467-024-48675-6; benchmark_entity=true; review_status=pending_entity_review; spot-test benchmark phage; source catalog imports only reviewed source-identity rows; zip_member=NA; zip_md5=NA; member_size_bytes=NA; sequence_count=NA
NA	phagehostlearn_2024_phage_K39PH122C2	Klebsiella pneumoniae species complex	NA	NA	NA	44385	54.217	data/metadata/external/phagehostlearn/phages_genomes.zip::phages_genomes/K39PH122C2.fasta	source_id=K39PH122C2; source_study=phagehostlearn_2024; source_reference=https://doi.org/10.5281/zenodo.11061100; https://doi.org/10.1038/s41467-024-48675-6; benchmark_entity=true; review_status=reviewed; spot-test benchmark phage; source catalog imports only reviewed source-identity rows; zip_member=phages_genomes/K39PH122C2.fasta; zip_md5=f43159fd3473e2d22a56fec27e8d443c; member_size_bytes=44432; sequence_count=1; review_scope=source_identity_only; review_basis=phagehostlearn_matrix_and_phage_archive_member; review_limitations=spot_matrix_only_no_productive_infection_claim
NA	phagehostlearn_2024_phage_K3PH164	Klebsiella pneumoniae species complex	NA	NA	NA	NA	NA		source_id=K3PH164; source_study=phagehostlearn_2024; source_reference=https://doi.org/10.5281/zenodo.11061100; https://doi.org/10.1038/s41467-024-48675-6; benchmark_entity=true; review_status=pending_entity_review; spot-test benchmark phage; source catalog imports only reviewed source-identity rows; zip_member=NA; zip_md5=NA; member_size_bytes=NA; sequence_count=NA
NA	phagehostlearn_2024_phage_K40PH129C1	Klebsiella pneumoniae species complex	NA	NA	NA	43980	53.502	data/metadata/external/phagehostlearn/phages_genomes.zip::phages_genomes/K40PH129C1.fasta	source_id=K40PH129C1; source_study=phagehostlearn_2024; source_reference=https://doi.org/10.5281/zenodo.11061100; https://doi.org/10.1038/s41467-024-48675-6; benchmark_entity=true; review_status=reviewed; spot-test benchmark phage; source catalog imports only reviewed source-identity rows; zip_member=phages_genomes/K40PH129C1.fasta; zip_md5=f43159fd3473e2d22a56fec27e8d443c; member_size_bytes=44027; sequence_count=1; review_scope=source_identity_only; review_basis=phagehostlearn_matrix_and_phage_archive_member; review_limitations=spot_matrix_only_no_productive_infection_claim
NA	phagehostlearn_2024_phage_K41P2	Klebsiella pneumoniae species complex	NA	NA	NA	NA	NA		source_id=K41P2; source_study=phagehostlearn_2024; source_reference=https://doi.org/10.5281/zenodo.11061100; https://doi.org/10.1038/s41467-024-48675-6; benchmark_entity=true; review_status=pending_entity_review; spot-test benchmark phage; source catalog imports only reviewed source-identity rows; zip_member=NA; zip_md5=NA; member_size_bytes=NA; sequence_count=NA
NA	phagehostlearn_2024_phage_K42PH8	Klebsiella pneumoniae species complex	NA	NA	NA	NA	NA		source_id=K42PH8; source_study=phagehostlearn_2024; source_reference=https://doi.org/10.5281/zenodo.11061100; https://doi.org/10.1038/s41467-024-48675-6; benchmark_entity=true; review_status=pending_entity_review; spot-test benchmark phage; source catalog imports only reviewed source-identity rows; zip_member=NA; zip_md5=NA; member_size_bytes=NA; sequence_count=NA
NA	phagehostlearn_2024_phage_K43PH164C1	Klebsiella pneumoniae species complex	NA	NA	NA	39752	52.470	data/metadata/external/phagehostlearn/phages_genomes.zip::phages_genomes/K43PH164C1.fasta	source_id=K43PH164C1; source_study=phagehostlearn_2024; source_reference=https://doi.org/10.5281/zenodo.11061100; https://doi.org/10.1038/s41467-024-48675-6; benchmark_entity=true; review_status=reviewed; spot-test benchmark phage; source catalog imports only reviewed source-identity rows; zip_member=phages_genomes/K43PH164C1.fasta; zip_md5=f43159fd3473e2d22a56fec27e8d443c; member_size_bytes=39799; sequence_count=1; review_scope=source_identity_only; review_basis=phagehostlearn_matrix_and_phage_archive_member; review_limitations=spot_matrix_only_no_productive_infection_claim
NA	phagehostlearn_2024_phage_K44PH129C1	Klebsiella pneumoniae species complex	NA	NA	NA	NA	NA		source_id=K44PH129C1; source_study=phagehostlearn_2024; source_reference=https://doi.org/10.5281/zenodo.11061100; https://doi.org/10.1038/s41467-024-48675-6; benchmark_entity=true; review_status=pending_entity_review; spot-test benchmark phage; source catalog imports only reviewed source-identity rows; zip_member=NA; zip_md5=NA; member_size_bytes=NA; sequence_count=NA
NA	phagehostlearn_2024_phage_K45PH128C2	Klebsiella pneumoniae species complex	NA	NA	NA	145278	44.708	data/metadata/external/phagehostlearn/phages_genomes.zip::phages_genomes/K45PH128C2.fasta	source_id=K45PH128C2; source_study=phagehostlearn_2024; source_reference=https://doi.org/10.5281/zenodo.11061100; https://doi.org/10.1038/s41467-024-48675-6; benchmark_entity=true; review_status=reviewed; spot-test benchmark phage; source catalog imports only reviewed source-identity rows; zip_member=phages_genomes/K45PH128C2.fasta; zip_md5=f43159fd3473e2d22a56fec27e8d443c; member_size_bytes=145325; sequence_count=1; review_scope=source_identity_only; review_basis=phagehostlearn_matrix_and_phage_archive_member; review_limitations=spot_matrix_only_no_productive_infection_claim
NA	phagehostlearn_2024_phage_K46PH129	Klebsiella pneumoniae species complex	NA	NA	NA	49326	50.213	data/metadata/external/phagehostlearn/phages_genomes.zip::phages_genomes/K46PH129.fasta	source_id=K46PH129; source_study=phagehostlearn_2024; source_reference=https://doi.org/10.5281/zenodo.11061100; https://doi.org/10.1038/s41467-024-48675-6; benchmark_entity=true; review_status=reviewed; spot-test benchmark phage; source catalog imports only reviewed source-identity rows; zip_member=phages_genomes/K46PH129.fasta; zip_md5=f43159fd3473e2d22a56fec27e8d443c; member_size_bytes=49371; sequence_count=1; review_scope=source_identity_only; review_basis=phagehostlearn_matrix_and_phage_archive_member; review_limitations=spot_matrix_only_no_productive_infection_claim
NA	phagehostlearn_2024_phage_K47PH6	Klebsiella pneumoniae species complex	NA	NA	NA	NA	NA		source_id=K47PH6; source_study=phagehostlearn_2024; source_reference=https://doi.org/10.5281/zenodo.11061100; https://doi.org/10.1038/s41467-024-48675-6; benchmark_entity=true; review_status=pending_entity_review; spot-test benchmark phage; source catalog imports only reviewed source-identity rows; zip_member=NA; zip_md5=NA; member_size_bytes=NA; sequence_count=NA
NA	phagehostlearn_2024_phage_K48PH164C1	Klebsiella pneumoniae species complex	NA	NA	NA	41078	53.243	data/metadata/external/phagehostlearn/phages_genomes.zip::phages_genomes/K48PH164C1.fasta	source_id=K48PH164C1; source_study=phagehostlearn_2024; source_reference=https://doi.org/10.5281/zenodo.11061100; https://doi.org/10.1038/s41467-024-48675-6; benchmark_entity=true; review_status=reviewed; spot-test benchmark phage; source catalog imports only reviewed source-identity rows; zip_member=phages_genomes/K48PH164C1.fasta; zip_md5=f43159fd3473e2d22a56fec27e8d443c; member_size_bytes=41125; sequence_count=1; review_scope=source_identity_only; review_basis=phagehostlearn_matrix_and_phage_archive_member; review_limitations=spot_matrix_only_no_productive_infection_claim
NA	phagehostlearn_2024_phage_K49PH164C2	Klebsiella pneumoniae species complex	NA	NA	NA	48885	57.807	data/metadata/external/phagehostlearn/phages_genomes.zip::phages_genomes/K49PH164C2.fasta	source_id=K49PH164C2; source_study=phagehostlearn_2024; source_reference=https://doi.org/10.5281/zenodo.11061100; https://doi.org/10.1038/s41467-024-48675-6; benchmark_entity=true; review_status=reviewed; spot-test benchmark phage; source catalog imports only reviewed source-identity rows; zip_member=phages_genomes/K49PH164C2.fasta; zip_md5=f43159fd3473e2d22a56fec27e8d443c; member_size_bytes=48932; sequence_count=1; review_scope=source_identity_only; review_basis=phagehostlearn_matrix_and_phage_archive_member; review_limitations=spot_matrix_only_no_productive_infection_claim
NA	phagehostlearn_2024_phage_K4PH164	Klebsiella pneumoniae species complex	NA	NA	NA	NA	NA		source_id=K4PH164; source_study=phagehostlearn_2024; source_reference=https://doi.org/10.5281/zenodo.11061100; https://doi.org/10.1038/s41467-024-48675-6; benchmark_entity=true; review_status=pending_entity_review; spot-test benchmark phage; source catalog imports only reviewed source-identity rows; zip_member=NA; zip_md5=NA; member_size_bytes=NA; sequence_count=NA
NA	phagehostlearn_2024_phage_K50PH164C1	Klebsiella pneumoniae species complex	NA	NA	NA	48936	49.138	data/metadata/external/phagehostlearn/phages_genomes.zip::phages_genomes/K50PH164C1.fasta	source_id=K50PH164C1; source_study=phagehostlearn_2024; source_reference=https://doi.org/10.5281/zenodo.11061100; https://doi.org/10.1038/s41467-024-48675-6; benchmark_entity=true; review_status=reviewed; spot-test benchmark phage; source catalog imports only reviewed source-identity rows; zip_member=phages_genomes/K50PH164C1.fasta; zip_md5=f43159fd3473e2d22a56fec27e8d443c; member_size_bytes=48983; sequence_count=1; review_scope=source_identity_only; review_basis=phagehostlearn_matrix_and_phage_archive_member; review_limitations=spot_matrix_only_no_productive_infection_claim
NA	phagehostlearn_2024_phage_K51PH129C1	Klebsiella pneumoniae species complex	NA	NA	NA	44228	53.538	data/metadata/external/phagehostlearn/phages_genomes.zip::phages_genomes/K51PH129C1.fasta	source_id=K51PH129C1; source_study=phagehostlearn_2024; source_reference=https://doi.org/10.5281/zenodo.11061100; https://doi.org/10.1038/s41467-024-48675-6; benchmark_entity=true; review_status=reviewed; spot-test benchmark phage; source catalog imports only reviewed source-identity rows; zip_member=phages_genomes/K51PH129C1.fasta; zip_md5=f43159fd3473e2d22a56fec27e8d443c; member_size_bytes=44275; sequence_count=1; review_scope=source_identity_only; review_basis=phagehostlearn_matrix_and_phage_archive_member; review_limitations=spot_matrix_only_no_productive_infection_claim
NA	phagehostlearn_2024_phage_K52PH129C1	Klebsiella pneumoniae species complex	NA	NA	NA	49576	50.607	data/metadata/external/phagehostlearn/phages_genomes.zip::phages_genomes/K52PH129C1.fasta	source_id=K52PH129C1; source_study=phagehostlearn_2024; source_reference=https://doi.org/10.5281/zenodo.11061100; https://doi.org/10.1038/s41467-024-48675-6; benchmark_entity=true; review_status=reviewed; spot-test benchmark phage; source catalog imports only reviewed source-identity rows; zip_member=phages_genomes/K52PH129C1.fasta; zip_md5=f43159fd3473e2d22a56fec27e8d443c; member_size_bytes=49623; sequence_count=1; review_scope=source_identity_only; review_basis=phagehostlearn_matrix_and_phage_archive_member; review_limitations=spot_matrix_only_no_productive_infection_claim
NA	phagehostlearn_2024_phage_K53PH164C2	Klebsiella pneumoniae species complex	NA	NA	NA	49530	50.155	data/metadata/external/phagehostlearn/phages_genomes.zip::phages_genomes/K53PH164C2.fasta	source_id=K53PH164C2; source_study=phagehostlearn_2024; source_reference=https://doi.org/10.5281/zenodo.11061100; https://doi.org/10.1038/s41467-024-48675-6; benchmark_entity=true; review_status=reviewed; spot-test benchmark phage; source catalog imports only reviewed source-identity rows; zip_member=phages_genomes/K53PH164C2.fasta; zip_md5=f43159fd3473e2d22a56fec27e8d443c; member_size_bytes=49577; sequence_count=1; review_scope=source_identity_only; review_basis=phagehostlearn_matrix_and_phage_archive_member; review_limitations=spot_matrix_only_no_productive_infection_claim
NA	phagehostlearn_2024_phage_K54lambda1	Klebsiella pneumoniae species complex	NA	NA	NA	143319	44.603	data/metadata/external/phagehostlearn/phages_genomes.zip::phages_genomes/K54lambda1.fasta	source_id=K54lambda1; source_study=phagehostlearn_2024; source_reference=https://doi.org/10.5281/zenodo.11061100; https://doi.org/10.1038/s41467-024-48675-6; benchmark_entity=true; review_status=reviewed; spot-test benchmark phage; source catalog imports only reviewed source-identity rows; zip_member=phages_genomes/K54lambda1.fasta; zip_md5=f43159fd3473e2d22a56fec27e8d443c; member_size_bytes=143370; sequence_count=1; review_scope=source_identity_only; review_basis=phagehostlearn_matrix_and_phage_archive_member; review_limitations=spot_matrix_only_no_productive_infection_claim
NA	phagehostlearn_2024_phage_K54lambda2	Klebsiella pneumoniae species complex	NA	NA	NA	48405	50.164	data/metadata/external/phagehostlearn/phages_genomes.zip::phages_genomes/K54lambda2.fasta	source_id=K54lambda2; source_study=phagehostlearn_2024; source_reference=https://doi.org/10.5281/zenodo.11061100; https://doi.org/10.1038/s41467-024-48675-6; benchmark_entity=true; review_status=reviewed; spot-test benchmark phage; source catalog imports only reviewed source-identity rows; zip_member=phages_genomes/K54lambda2.fasta; zip_md5=f43159fd3473e2d22a56fec27e8d443c; member_size_bytes=48452; sequence_count=1; review_scope=source_identity_only; review_basis=phagehostlearn_matrix_and_phage_archive_member; review_limitations=spot_matrix_only_no_productive_infection_claim
NA	phagehostlearn_2024_phage_K55P2_1	Klebsiella pneumoniae species complex	NA	NA	NA	NA	NA		source_id=K55P2_1; source_study=phagehostlearn_2024; source_reference=https://doi.org/10.5281/zenodo.11061100; https://doi.org/10.1038/s41467-024-48675-6; benchmark_entity=true; review_status=pending_entity_review; spot-test benchmark phage; source catalog imports only reviewed source-identity rows; zip_member=NA; zip_md5=NA; member_size_bytes=NA; sequence_count=NA
NA	phagehostlearn_2024_phage_K56PH164C1	Klebsiella pneumoniae species complex	NA	NA	NA	41062	52.871	data/metadata/external/phagehostlearn/phages_genomes.zip::phages_genomes/K56PH164C1.fasta	source_id=K56PH164C1; source_study=phagehostlearn_2024; source_reference=https://doi.org/10.5281/zenodo.11061100; https://doi.org/10.1038/s41467-024-48675-6; benchmark_entity=true; review_status=reviewed; spot-test benchmark phage; source catalog imports only reviewed source-identity rows; zip_member=phages_genomes/K56PH164C1.fasta; zip_md5=f43159fd3473e2d22a56fec27e8d443c; member_size_bytes=41109; sequence_count=1; review_scope=source_identity_only; review_basis=phagehostlearn_matrix_and_phage_archive_member; review_limitations=spot_matrix_only_no_productive_infection_claim
NA	phagehostlearn_2024_phage_K57lambda1	Klebsiella pneumoniae species complex	NA	NA	NA	72896	42.997	data/metadata/external/phagehostlearn/phages_genomes.zip::phages_genomes/K57lambda1.fasta	source_id=K57lambda1; source_study=phagehostlearn_2024; source_reference=https://doi.org/10.5281/zenodo.11061100; https://doi.org/10.1038/s41467-024-48675-6; benchmark_entity=true; review_status=reviewed; spot-test benchmark phage; source catalog imports only reviewed source-identity rows; zip_member=phages_genomes/K57lambda1.fasta; zip_md5=f43159fd3473e2d22a56fec27e8d443c; member_size_bytes=72945; sequence_count=1; review_scope=source_identity_only; review_basis=phagehostlearn_matrix_and_phage_archive_member; review_limitations=spot_matrix_only_no_productive_infection_claim
NA	phagehostlearn_2024_phage_K58PH129C2	Klebsiella pneumoniae species complex	NA	NA	NA	39188	53.131	data/metadata/external/phagehostlearn/phages_genomes.zip::phages_genomes/K58PH129C2.fasta	source_id=K58PH129C2; source_study=phagehostlearn_2024; source_reference=https://doi.org/10.5281/zenodo.11061100; https://doi.org/10.1038/s41467-024-48675-6; benchmark_entity=true; review_status=reviewed; spot-test benchmark phage; source catalog imports only reviewed source-identity rows; zip_member=phages_genomes/K58PH129C2.fasta; zip_md5=f43159fd3473e2d22a56fec27e8d443c; member_size_bytes=39235; sequence_count=1; review_scope=source_identity_only; review_basis=phagehostlearn_matrix_and_phage_archive_member; review_limitations=spot_matrix_only_no_productive_infection_claim
NA	phagehostlearn_2024_phage_K59PH2	Klebsiella pneumoniae species complex	NA	NA	NA	NA	NA		source_id=K59PH2; source_study=phagehostlearn_2024; source_reference=https://doi.org/10.5281/zenodo.11061100; https://doi.org/10.1038/s41467-024-48675-6; benchmark_entity=true; review_status=pending_entity_review; spot-test benchmark phage; source catalog imports only reviewed source-identity rows; zip_member=NA; zip_md5=NA; member_size_bytes=NA; sequence_count=NA
NA	phagehostlearn_2024_phage_K5lamda5	Klebsiella pneumoniae species complex	NA	NA	NA	NA	NA		source_id=K5lamda5; source_study=phagehostlearn_2024; source_reference=https://doi.org/10.5281/zenodo.11061100; https://doi.org/10.1038/s41467-024-48675-6; benchmark_entity=true; review_status=pending_entity_review; spot-test benchmark phage; source catalog imports only reviewed source-identity rows; zip_member=NA; zip_md5=NA; member_size_bytes=NA; sequence_count=NA
NA	phagehostlearn_2024_phage_K60PH164C1	Klebsiella pneumoniae species complex	NA	NA	NA	73440	44.201	data/metadata/external/phagehostlearn/phages_genomes.zip::phages_genomes/K60PH164C1.fasta	source_id=K60PH164C1; source_study=phagehostlearn_2024; source_reference=https://doi.org/10.5281/zenodo.11061100; https://doi.org/10.1038/s41467-024-48675-6; benchmark_entity=true; review_status=reviewed; spot-test benchmark phage; source catalog imports only reviewed source-identity rows; zip_member=phages_genomes/K60PH164C1.fasta; zip_md5=f43159fd3473e2d22a56fec27e8d443c; member_size_bytes=73487; sequence_count=1; review_scope=source_identity_only; review_basis=phagehostlearn_matrix_and_phage_archive_member; review_limitations=spot_matrix_only_no_productive_infection_claim
NA	phagehostlearn_2024_phage_K61PH164C1	Klebsiella pneumoniae species complex	NA	NA	NA	46042	51.824	data/metadata/external/phagehostlearn/phages_genomes.zip::phages_genomes/K61PH164C1.fasta	source_id=K61PH164C1; source_study=phagehostlearn_2024; source_reference=https://doi.org/10.5281/zenodo.11061100; https://doi.org/10.1038/s41467-024-48675-6; benchmark_entity=true; review_status=reviewed; spot-test benchmark phage; source catalog imports only reviewed source-identity rows; zip_member=phages_genomes/K61PH164C1.fasta; zip_md5=f43159fd3473e2d22a56fec27e8d443c; member_size_bytes=46089; sequence_count=1; review_scope=source_identity_only; review_basis=phagehostlearn_matrix_and_phage_archive_member; review_limitations=spot_matrix_only_no_productive_infection_claim
NA	phagehostlearn_2024_phage_K62PH164C2	Klebsiella pneumoniae species complex	NA	NA	NA	53113	49.212	data/metadata/external/phagehostlearn/phages_genomes.zip::phages_genomes/K62PH164C2.fasta	source_id=K62PH164C2; source_study=phagehostlearn_2024; source_reference=https://doi.org/10.5281/zenodo.11061100; https://doi.org/10.1038/s41467-024-48675-6; benchmark_entity=true; review_status=reviewed; spot-test benchmark phage; source catalog imports only reviewed source-identity rows; zip_member=phages_genomes/K62PH164C2.fasta; zip_md5=f43159fd3473e2d22a56fec27e8d443c; member_size_bytes=53160; sequence_count=1; review_scope=source_identity_only; review_basis=phagehostlearn_matrix_and_phage_archive_member; review_limitations=spot_matrix_only_no_productive_infection_claim
NA	phagehostlearn_2024_phage_K63PH128	Klebsiella pneumoniae species complex	NA	NA	NA	51266	50.790	data/metadata/external/phagehostlearn/phages_genomes.zip::phages_genomes/K63PH128.fasta	source_id=K63PH128; source_study=phagehostlearn_2024; source_reference=https://doi.org/10.5281/zenodo.11061100; https://doi.org/10.1038/s41467-024-48675-6; benchmark_entity=true; review_status=reviewed; spot-test benchmark phage; source catalog imports only reviewed source-identity rows; zip_member=phages_genomes/K63PH128.fasta; zip_md5=f43159fd3473e2d22a56fec27e8d443c; member_size_bytes=51311; sequence_count=1; review_scope=source_identity_only; review_basis=phagehostlearn_matrix_and_phage_archive_member; review_limitations=spot_matrix_only_no_productive_infection_claim
NA	phagehostlearn_2024_phage_K64PH164C4	Klebsiella pneumoniae species complex	NA	NA	NA	NA	NA		source_id=K64PH164C4; source_study=phagehostlearn_2024; source_reference=https://doi.org/10.5281/zenodo.11061100; https://doi.org/10.1038/s41467-024-48675-6; benchmark_entity=true; review_status=pending_entity_review; spot-test benchmark phage; source catalog imports only reviewed source-identity rows; zip_member=NA; zip_md5=NA; member_size_bytes=NA; sequence_count=NA
NA	phagehostlearn_2024_phage_K65PH164	Klebsiella pneumoniae species complex	NA	NA	NA	166428	39.561	data/metadata/external/phagehostlearn/phages_genomes.zip::phages_genomes/K65PH164.fasta	source_id=K65PH164; source_study=phagehostlearn_2024; source_reference=https://doi.org/10.5281/zenodo.11061100; https://doi.org/10.1038/s41467-024-48675-6; benchmark_entity=true; review_status=reviewed; spot-test benchmark phage; source catalog imports only reviewed source-identity rows; zip_member=phages_genomes/K65PH164.fasta; zip_md5=f43159fd3473e2d22a56fec27e8d443c; member_size_bytes=166473; sequence_count=1; review_scope=source_identity_only; review_basis=phagehostlearn_matrix_and_phage_archive_member; review_limitations=spot_matrix_only_no_productive_infection_claim
NA	phagehostlearn_2024_phage_K66PH128C1	Klebsiella pneumoniae species complex	NA	NA	NA	43704	53.354	data/metadata/external/phagehostlearn/phages_genomes.zip::phages_genomes/K66PH128C1.fasta	source_id=K66PH128C1; source_study=phagehostlearn_2024; source_reference=https://doi.org/10.5281/zenodo.11061100; https://doi.org/10.1038/s41467-024-48675-6; benchmark_entity=true; review_status=reviewed; spot-test benchmark phage; source catalog imports only reviewed source-identity rows; zip_member=phages_genomes/K66PH128C1.fasta; zip_md5=f43159fd3473e2d22a56fec27e8d443c; member_size_bytes=43751; sequence_count=1; review_scope=source_identity_only; review_basis=phagehostlearn_matrix_and_phage_archive_member; review_limitations=spot_matrix_only_no_productive_infection_claim
NA	phagehostlearn_2024_phage_K68QB	Klebsiella pneumoniae species complex	NA	NA	NA	NA	NA		source_id=K68QB; source_study=phagehostlearn_2024; source_reference=https://doi.org/10.5281/zenodo.11061100; https://doi.org/10.1038/s41467-024-48675-6; benchmark_entity=true; review_status=pending_entity_review; spot-test benchmark phage; source catalog imports only reviewed source-identity rows; zip_member=NA; zip_md5=NA; member_size_bytes=NA; sequence_count=NA
NA	phagehostlearn_2024_phage_K69PH164C2	Klebsiella pneumoniae species complex	NA	NA	NA	48791	50.831	data/metadata/external/phagehostlearn/phages_genomes.zip::phages_genomes/K69PH164C2.fasta	source_id=K69PH164C2; source_study=phagehostlearn_2024; source_reference=https://doi.org/10.5281/zenodo.11061100; https://doi.org/10.1038/s41467-024-48675-6; benchmark_entity=true; review_status=reviewed; spot-test benchmark phage; source catalog imports only reviewed source-identity rows; zip_member=phages_genomes/K69PH164C2.fasta; zip_md5=f43159fd3473e2d22a56fec27e8d443c; member_size_bytes=48838; sequence_count=1; review_scope=source_identity_only; review_basis=phagehostlearn_matrix_and_phage_archive_member; review_limitations=spot_matrix_only_no_productive_infection_claim
NA	phagehostlearn_2024_phage_K6PH25C3	Klebsiella pneumoniae species complex	NA	NA	NA	50820	51.287	data/metadata/external/phagehostlearn/phages_genomes.zip::phages_genomes/K6PH25C3.fasta	source_id=K6PH25C3; source_study=phagehostlearn_2024; source_reference=https://doi.org/10.5281/zenodo.11061100; https://doi.org/10.1038/s41467-024-48675-6; benchmark_entity=true; review_status=reviewed; spot-test benchmark phage; source catalog imports only reviewed source-identity rows; zip_member=phages_genomes/K6PH25C3.fasta; zip_md5=f43159fd3473e2d22a56fec27e8d443c; member_size_bytes=50865; sequence_count=1; review_scope=source_identity_only; review_basis=phagehostlearn_matrix_and_phage_archive_member; review_limitations=spot_matrix_only_no_productive_infection_claim
NA	phagehostlearn_2024_phage_K70PH128C1	Klebsiella pneumoniae species complex	NA	NA	NA	NA	NA		source_id=K70PH128C1; source_study=phagehostlearn_2024; source_reference=https://doi.org/10.5281/zenodo.11061100; https://doi.org/10.1038/s41467-024-48675-6; benchmark_entity=true; review_status=pending_entity_review; spot-test benchmark phage; source catalog imports only reviewed source-identity rows; zip_member=NA; zip_md5=NA; member_size_bytes=NA; sequence_count=NA
NA	phagehostlearn_2024_phage_K71PH129C1	Klebsiella pneumoniae species complex	NA	NA	NA	43286	53.823	data/metadata/external/phagehostlearn/phages_genomes.zip::phages_genomes/K71PH129C1.fasta	source_id=K71PH129C1; source_study=phagehostlearn_2024; source_reference=https://doi.org/10.5281/zenodo.11061100; https://doi.org/10.1038/s41467-024-48675-6; benchmark_entity=true; review_status=reviewed; spot-test benchmark phage; source catalog imports only reviewed source-identity rows; zip_member=phages_genomes/K71PH129C1.fasta; zip_md5=f43159fd3473e2d22a56fec27e8d443c; member_size_bytes=43333; sequence_count=1; review_scope=source_identity_only; review_basis=phagehostlearn_matrix_and_phage_archive_member; review_limitations=spot_matrix_only_no_productive_infection_claim
NA	phagehostlearn_2024_phage_K72PH164C2	Klebsiella pneumoniae species complex	NA	NA	NA	42855	53.693	data/metadata/external/phagehostlearn/phages_genomes.zip::phages_genomes/K72PH164C2.fasta	source_id=K72PH164C2; source_study=phagehostlearn_2024; source_reference=https://doi.org/10.5281/zenodo.11061100; https://doi.org/10.1038/s41467-024-48675-6; benchmark_entity=true; review_status=reviewed; spot-test benchmark phage; source catalog imports only reviewed source-identity rows; zip_member=phages_genomes/K72PH164C2.fasta; zip_md5=f43159fd3473e2d22a56fec27e8d443c; member_size_bytes=42902; sequence_count=1; review_scope=source_identity_only; review_basis=phagehostlearn_matrix_and_phage_archive_member; review_limitations=spot_matrix_only_no_productive_infection_claim
NA	phagehostlearn_2024_phage_K74PH129C2	Klebsiella pneumoniae species complex	NA	NA	NA	41794	52.187	data/metadata/external/phagehostlearn/phages_genomes.zip::phages_genomes/K74PH129C2.fasta	source_id=K74PH129C2; source_study=phagehostlearn_2024; source_reference=https://doi.org/10.5281/zenodo.11061100; https://doi.org/10.1038/s41467-024-48675-6; benchmark_entity=true; review_status=reviewed; spot-test benchmark phage; source catalog imports only reviewed source-identity rows; zip_member=phages_genomes/K74PH129C2.fasta; zip_md5=f43159fd3473e2d22a56fec27e8d443c; member_size_bytes=41841; sequence_count=1; review_scope=source_identity_only; review_basis=phagehostlearn_matrix_and_phage_archive_member; review_limitations=spot_matrix_only_no_productive_infection_claim
NA	phagehostlearn_2024_phage_K79PH164C1	Klebsiella pneumoniae species complex	NA	NA	NA	NA	NA		source_id=K79PH164C1; source_study=phagehostlearn_2024; source_reference=https://doi.org/10.5281/zenodo.11061100; https://doi.org/10.1038/s41467-024-48675-6; benchmark_entity=true; review_status=pending_entity_review; spot-test benchmark phage; source catalog imports only reviewed source-identity rows; zip_member=NA; zip_md5=NA; member_size_bytes=NA; sequence_count=NA
NA	phagehostlearn_2024_phage_K7PH164C2	Klebsiella pneumoniae species complex	NA	NA	NA	NA	NA		source_id=K7PH164C2; source_study=phagehostlearn_2024; source_reference=https://doi.org/10.5281/zenodo.11061100; https://doi.org/10.1038/s41467-024-48675-6; benchmark_entity=true; review_status=pending_entity_review; spot-test benchmark phage; source catalog imports only reviewed source-identity rows; zip_member=NA; zip_md5=NA; member_size_bytes=NA; sequence_count=NA
NA	phagehostlearn_2024_phage_K7PH164C3	Klebsiella pneumoniae species complex	NA	NA	NA	NA	NA		source_id=K7PH164C3; source_study=phagehostlearn_2024; source_reference=https://doi.org/10.5281/zenodo.11061100; https://doi.org/10.1038/s41467-024-48675-6; benchmark_entity=true; review_status=pending_entity_review; spot-test benchmark phage; source catalog imports only reviewed source-identity rows; zip_member=NA; zip_md5=NA; member_size_bytes=NA; sequence_count=NA
NA	phagehostlearn_2024_phage_K7PH164C4	Klebsiella pneumoniae species complex	NA	NA	NA	113079	45.472	data/metadata/external/phagehostlearn/phages_genomes.zip::phages_genomes/K7PH164C4.fasta	source_id=K7PH164C4; source_study=phagehostlearn_2024; source_reference=https://doi.org/10.5281/zenodo.11061100; https://doi.org/10.1038/s41467-024-48675-6; benchmark_entity=true; review_status=reviewed; spot-test benchmark phage; source catalog imports only reviewed source-identity rows; zip_member=phages_genomes/K7PH164C4.fasta; zip_md5=f43159fd3473e2d22a56fec27e8d443c; member_size_bytes=113125; sequence_count=1; review_scope=source_identity_only; review_basis=phagehostlearn_matrix_and_phage_archive_member; review_limitations=spot_matrix_only_no_productive_infection_claim
NA	phagehostlearn_2024_phage_K80P2	Klebsiella pneumoniae species complex	NA	NA	NA	NA	NA		source_id=K80P2; source_study=phagehostlearn_2024; source_reference=https://doi.org/10.5281/zenodo.11061100; https://doi.org/10.1038/s41467-024-48675-6; benchmark_entity=true; review_status=pending_entity_review; spot-test benchmark phage; source catalog imports only reviewed source-identity rows; zip_member=NA; zip_md5=NA; member_size_bytes=NA; sequence_count=NA
NA	phagehostlearn_2024_phage_K81P1	Klebsiella pneumoniae species complex	NA	NA	NA	NA	NA		source_id=K81P1; source_study=phagehostlearn_2024; source_reference=https://doi.org/10.5281/zenodo.11061100; https://doi.org/10.1038/s41467-024-48675-6; benchmark_entity=true; review_status=pending_entity_review; spot-test benchmark phage; source catalog imports only reviewed source-identity rows; zip_member=NA; zip_md5=NA; member_size_bytes=NA; sequence_count=NA
NA	phagehostlearn_2024_phage_K82P1	Klebsiella pneumoniae species complex	NA	NA	NA	40862	53.022	data/metadata/external/phagehostlearn/phages_genomes.zip::phages_genomes/K82P1.fasta	source_id=K82P1; source_study=phagehostlearn_2024; source_reference=https://doi.org/10.5281/zenodo.11061100; https://doi.org/10.1038/s41467-024-48675-6; benchmark_entity=true; review_status=reviewed; spot-test benchmark phage; source catalog imports only reviewed source-identity rows; zip_member=phages_genomes/K82P1.fasta; zip_md5=f43159fd3473e2d22a56fec27e8d443c; member_size_bytes=41570; sequence_count=1; review_scope=source_identity_only; review_basis=phagehostlearn_matrix_and_phage_archive_member; review_limitations=spot_matrix_only_no_productive_infection_claim
NA	phagehostlearn_2024_phage_K8PH128	Klebsiella pneumoniae species complex	NA	NA	NA	40536	53.052	data/metadata/external/phagehostlearn/phages_genomes.zip::phages_genomes/K8PH128.fasta	source_id=K8PH128; source_study=phagehostlearn_2024; source_reference=https://doi.org/10.5281/zenodo.11061100; https://doi.org/10.1038/s41467-024-48675-6; benchmark_entity=true; review_status=reviewed; spot-test benchmark phage; source catalog imports only reviewed source-identity rows; zip_member=phages_genomes/K8PH128.fasta; zip_md5=f43159fd3473e2d22a56fec27e8d443c; member_size_bytes=40580; sequence_count=1; review_scope=source_identity_only; review_basis=phagehostlearn_matrix_and_phage_archive_member; review_limitations=spot_matrix_only_no_productive_infection_claim
NA	phagehostlearn_2024_phage_K9PH25C2	Klebsiella pneumoniae species complex	NA	NA	NA	60041	49.218	data/metadata/external/phagehostlearn/phages_genomes.zip::phages_genomes/K9PH25C2.fasta	source_id=K9PH25C2; source_study=phagehostlearn_2024; source_reference=https://doi.org/10.5281/zenodo.11061100; https://doi.org/10.1038/s41467-024-48675-6; benchmark_entity=true; review_status=reviewed; spot-test benchmark phage; source catalog imports only reviewed source-identity rows; zip_member=phages_genomes/K9PH25C2.fasta; zip_md5=f43159fd3473e2d22a56fec27e8d443c; member_size_bytes=60086; sequence_count=1; review_scope=source_identity_only; review_basis=phagehostlearn_matrix_and_phage_archive_member; review_limitations=spot_matrix_only_no_productive_infection_claim
NA	phagehostlearn_2024_phage_M12a	Klebsiella pneumoniae species complex	NA	NA	NA	48833	49.559	data/metadata/external/phagehostlearn/phages_genomes.zip::phages_genomes/M12a.fasta	source_id=M12a; source_study=phagehostlearn_2024; source_reference=https://doi.org/10.5281/zenodo.11061100; https://doi.org/10.1038/s41467-024-48675-6; benchmark_entity=true; review_status=reviewed; spot-test benchmark phage; source catalog imports only reviewed source-identity rows; zip_member=phages_genomes/M12a.fasta; zip_md5=f43159fd3473e2d22a56fec27e8d443c; member_size_bytes=48840; sequence_count=1; review_scope=source_identity_only; review_basis=phagehostlearn_matrix_and_phage_archive_member; review_limitations=spot_matrix_only_no_productive_infection_claim
NA	phagehostlearn_2024_phage_M5a	Klebsiella pneumoniae species complex	NA	NA	NA	141724	44.687	data/metadata/external/phagehostlearn/phages_genomes.zip::phages_genomes/M5a.fasta	source_id=M5a; source_study=phagehostlearn_2024; source_reference=https://doi.org/10.5281/zenodo.11061100; https://doi.org/10.1038/s41467-024-48675-6; benchmark_entity=true; review_status=reviewed; spot-test benchmark phage; source catalog imports only reviewed source-identity rows; zip_member=phages_genomes/M5a.fasta; zip_md5=f43159fd3473e2d22a56fec27e8d443c; member_size_bytes=141730; sequence_count=1; review_scope=source_identity_only; review_basis=phagehostlearn_matrix_and_phage_archive_member; review_limitations=spot_matrix_only_no_productive_infection_claim
NA	phagehostlearn_2024_phage_M5b	Klebsiella pneumoniae species complex	NA	NA	NA	144995	44.673	data/metadata/external/phagehostlearn/phages_genomes.zip::phages_genomes/M5b.fasta	source_id=M5b; source_study=phagehostlearn_2024; source_reference=https://doi.org/10.5281/zenodo.11061100; https://doi.org/10.1038/s41467-024-48675-6; benchmark_entity=true; review_status=reviewed; spot-test benchmark phage; source catalog imports only reviewed source-identity rows; zip_member=phages_genomes/M5b.fasta; zip_md5=f43159fd3473e2d22a56fec27e8d443c; member_size_bytes=145001; sequence_count=1; review_scope=source_identity_only; review_basis=phagehostlearn_matrix_and_phage_archive_member; review_limitations=spot_matrix_only_no_productive_infection_claim
NA	phagehostlearn_2024_phage_P4a	Klebsiella pneumoniae species complex	NA	NA	NA	72708	43.998	data/metadata/external/phagehostlearn/phages_genomes.zip::phages_genomes/P4a.fasta	source_id=P4a; source_study=phagehostlearn_2024; source_reference=https://doi.org/10.5281/zenodo.11061100; https://doi.org/10.1038/s41467-024-48675-6; benchmark_entity=true; review_status=reviewed; spot-test benchmark phage; source catalog imports only reviewed source-identity rows; zip_member=phages_genomes/P4a.fasta; zip_md5=f43159fd3473e2d22a56fec27e8d443c; member_size_bytes=72714; sequence_count=1; review_scope=source_identity_only; review_basis=phagehostlearn_matrix_and_phage_archive_member; review_limitations=spot_matrix_only_no_productive_infection_claim
NA	phagehostlearn_2024_phage_P4b	Klebsiella pneumoniae species complex	NA	NA	NA	73290	44.044	data/metadata/external/phagehostlearn/phages_genomes.zip::phages_genomes/P4b.fasta	source_id=P4b; source_study=phagehostlearn_2024; source_reference=https://doi.org/10.5281/zenodo.11061100; https://doi.org/10.1038/s41467-024-48675-6; benchmark_entity=true; review_status=reviewed; spot-test benchmark phage; source catalog imports only reviewed source-identity rows; zip_member=phages_genomes/P4b.fasta; zip_md5=f43159fd3473e2d22a56fec27e8d443c; member_size_bytes=73296; sequence_count=1; review_scope=source_identity_only; review_basis=phagehostlearn_matrix_and_phage_archive_member; review_limitations=spot_matrix_only_no_productive_infection_claim
NA	phagehostlearn_2024_phage_S10a	Klebsiella pneumoniae species complex	NA	NA	NA	60119	45.548	data/metadata/external/phagehostlearn/phages_genomes.zip::phages_genomes/S10a.fasta	source_id=S10a; source_study=phagehostlearn_2024; source_reference=https://doi.org/10.5281/zenodo.11061100; https://doi.org/10.1038/s41467-024-48675-6; benchmark_entity=true; review_status=reviewed; spot-test benchmark phage; source catalog imports only reviewed source-identity rows; zip_member=phages_genomes/S10a.fasta; zip_md5=f43159fd3473e2d22a56fec27e8d443c; member_size_bytes=60126; sequence_count=1; review_scope=source_identity_only; review_basis=phagehostlearn_matrix_and_phage_archive_member; review_limitations=spot_matrix_only_no_productive_infection_claim
NA	phagehostlearn_2024_phage_S11a	Klebsiella pneumoniae species complex	NA	NA	NA	39791	55.452	data/metadata/external/phagehostlearn/phages_genomes.zip::phages_genomes/S11a.fasta	source_id=S11a; source_study=phagehostlearn_2024; source_reference=https://doi.org/10.5281/zenodo.11061100; https://doi.org/10.1038/s41467-024-48675-6; benchmark_entity=true; review_status=reviewed; spot-test benchmark phage; source catalog imports only reviewed source-identity rows; zip_member=phages_genomes/S11a.fasta; zip_md5=f43159fd3473e2d22a56fec27e8d443c; member_size_bytes=39798; sequence_count=1; review_scope=source_identity_only; review_basis=phagehostlearn_matrix_and_phage_archive_member; review_limitations=spot_matrix_only_no_productive_infection_claim
NA	phagehostlearn_2024_phage_S13a	Klebsiella pneumoniae species complex	NA	NA	NA	47956	47.800	data/metadata/external/phagehostlearn/phages_genomes.zip::phages_genomes/S13a.fasta	source_id=S13a; source_study=phagehostlearn_2024; source_reference=https://doi.org/10.5281/zenodo.11061100; https://doi.org/10.1038/s41467-024-48675-6; benchmark_entity=true; review_status=reviewed; spot-test benchmark phage; source catalog imports only reviewed source-identity rows; zip_member=phages_genomes/S13a.fasta; zip_md5=f43159fd3473e2d22a56fec27e8d443c; member_size_bytes=47963; sequence_count=1; review_scope=source_identity_only; review_basis=phagehostlearn_matrix_and_phage_archive_member; review_limitations=spot_matrix_only_no_productive_infection_claim
NA	phagehostlearn_2024_phage_S13b	Klebsiella pneumoniae species complex	NA	NA	NA	48190	47.406	data/metadata/external/phagehostlearn/phages_genomes.zip::phages_genomes/S13b.fasta	source_id=S13b; source_study=phagehostlearn_2024; source_reference=https://doi.org/10.5281/zenodo.11061100; https://doi.org/10.1038/s41467-024-48675-6; benchmark_entity=true; review_status=reviewed; spot-test benchmark phage; source catalog imports only reviewed source-identity rows; zip_member=phages_genomes/S13b.fasta; zip_md5=f43159fd3473e2d22a56fec27e8d443c; member_size_bytes=48197; sequence_count=1; review_scope=source_identity_only; review_basis=phagehostlearn_matrix_and_phage_archive_member; review_limitations=spot_matrix_only_no_productive_infection_claim
NA	phagehostlearn_2024_phage_S13c	Klebsiella pneumoniae species complex	NA	NA	NA	47997	47.999	data/metadata/external/phagehostlearn/phages_genomes.zip::phages_genomes/S13c.fasta	source_id=S13c; source_study=phagehostlearn_2024; source_reference=https://doi.org/10.5281/zenodo.11061100; https://doi.org/10.1038/s41467-024-48675-6; benchmark_entity=true; review_status=reviewed; spot-test benchmark phage; source catalog imports only reviewed source-identity rows; zip_member=phages_genomes/S13c.fasta; zip_md5=f43159fd3473e2d22a56fec27e8d443c; member_size_bytes=48004; sequence_count=1; review_scope=source_identity_only; review_basis=phagehostlearn_matrix_and_phage_archive_member; review_limitations=spot_matrix_only_no_productive_infection_claim
NA	phagehostlearn_2024_phage_S13d	Klebsiella pneumoniae species complex	NA	NA	NA	46281	47.739	data/metadata/external/phagehostlearn/phages_genomes.zip::phages_genomes/S13d.fasta	source_id=S13d; source_study=phagehostlearn_2024; source_reference=https://doi.org/10.5281/zenodo.11061100; https://doi.org/10.1038/s41467-024-48675-6; benchmark_entity=true; review_status=reviewed; spot-test benchmark phage; source catalog imports only reviewed source-identity rows; zip_member=phages_genomes/S13d.fasta; zip_md5=f43159fd3473e2d22a56fec27e8d443c; member_size_bytes=46288; sequence_count=1; review_scope=source_identity_only; review_basis=phagehostlearn_matrix_and_phage_archive_member; review_limitations=spot_matrix_only_no_productive_infection_claim
NA	phagehostlearn_2024_phage_S13e	Klebsiella pneumoniae species complex	NA	NA	NA	47720	48.018	data/metadata/external/phagehostlearn/phages_genomes.zip::phages_genomes/S13e.fasta	source_id=S13e; source_study=phagehostlearn_2024; source_reference=https://doi.org/10.5281/zenodo.11061100; https://doi.org/10.1038/s41467-024-48675-6; benchmark_entity=true; review_status=reviewed; spot-test benchmark phage; source catalog imports only reviewed source-identity rows; zip_member=phages_genomes/S13e.fasta; zip_md5=f43159fd3473e2d22a56fec27e8d443c; member_size_bytes=47727; sequence_count=1; review_scope=source_identity_only; review_basis=phagehostlearn_matrix_and_phage_archive_member; review_limitations=spot_matrix_only_no_productive_infection_claim
NA	phagehostlearn_2024_phage_S13f	Klebsiella pneumoniae species complex	NA	NA	NA	48050	47.605	data/metadata/external/phagehostlearn/phages_genomes.zip::phages_genomes/S13f.fasta	source_id=S13f; source_study=phagehostlearn_2024; source_reference=https://doi.org/10.5281/zenodo.11061100; https://doi.org/10.1038/s41467-024-48675-6; benchmark_entity=true; review_status=reviewed; spot-test benchmark phage; source catalog imports only reviewed source-identity rows; zip_member=phages_genomes/S13f.fasta; zip_md5=f43159fd3473e2d22a56fec27e8d443c; member_size_bytes=48057; sequence_count=1; review_scope=source_identity_only; review_basis=phagehostlearn_matrix_and_phage_archive_member; review_limitations=spot_matrix_only_no_productive_infection_claim
NA	phagehostlearn_2024_phage_S6a	Klebsiella pneumoniae species complex	NA	NA	NA	46907	56.906	data/metadata/external/phagehostlearn/phages_genomes.zip::phages_genomes/S6a.fasta	source_id=S6a; source_study=phagehostlearn_2024; source_reference=https://doi.org/10.5281/zenodo.11061100; https://doi.org/10.1038/s41467-024-48675-6; benchmark_entity=true; review_status=reviewed; spot-test benchmark phage; source catalog imports only reviewed source-identity rows; zip_member=phages_genomes/S6a.fasta; zip_md5=f43159fd3473e2d22a56fec27e8d443c; member_size_bytes=46913; sequence_count=1; review_scope=source_identity_only; review_basis=phagehostlearn_matrix_and_phage_archive_member; review_limitations=spot_matrix_only_no_productive_infection_claim
NA	phagehostlearn_2024_phage_S8a	Klebsiella pneumoniae species complex	NA	NA	NA	47499	56.279	data/metadata/external/phagehostlearn/phages_genomes.zip::phages_genomes/S8a.fasta	source_id=S8a; source_study=phagehostlearn_2024; source_reference=https://doi.org/10.5281/zenodo.11061100; https://doi.org/10.1038/s41467-024-48675-6; benchmark_entity=true; review_status=reviewed; spot-test benchmark phage; source catalog imports only reviewed source-identity rows; zip_member=phages_genomes/S8a.fasta; zip_md5=f43159fd3473e2d22a56fec27e8d443c; member_size_bytes=47505; sequence_count=1; review_scope=source_identity_only; review_basis=phagehostlearn_matrix_and_phage_archive_member; review_limitations=spot_matrix_only_no_productive_infection_claim
NA	phagehostlearn_2024_phage_S8b	Klebsiella pneumoniae species complex	NA	NA	NA	48513	57.005	data/metadata/external/phagehostlearn/phages_genomes.zip::phages_genomes/S8b.fasta	source_id=S8b; source_study=phagehostlearn_2024; source_reference=https://doi.org/10.5281/zenodo.11061100; https://doi.org/10.1038/s41467-024-48675-6; benchmark_entity=true; review_status=reviewed; spot-test benchmark phage; source catalog imports only reviewed source-identity rows; zip_member=phages_genomes/S8b.fasta; zip_md5=f43159fd3473e2d22a56fec27e8d443c; member_size_bytes=48519; sequence_count=1; review_scope=source_identity_only; review_basis=phagehostlearn_matrix_and_phage_archive_member; review_limitations=spot_matrix_only_no_productive_infection_claim
NA	phagehostlearn_2024_phage_S8c	Klebsiella pneumoniae species complex	NA	NA	NA	48147	56.338	data/metadata/external/phagehostlearn/phages_genomes.zip::phages_genomes/S8c.fasta	source_id=S8c; source_study=phagehostlearn_2024; source_reference=https://doi.org/10.5281/zenodo.11061100; https://doi.org/10.1038/s41467-024-48675-6; benchmark_entity=true; review_status=reviewed; spot-test benchmark phage; source catalog imports only reviewed source-identity rows; zip_member=phages_genomes/S8c.fasta; zip_md5=f43159fd3473e2d22a56fec27e8d443c; member_size_bytes=48153; sequence_count=1; review_scope=source_identity_only; review_basis=phagehostlearn_matrix_and_phage_archive_member; review_limitations=spot_matrix_only_no_productive_infection_claim
NA	phagehostlearn_2024_phage_S9a	Klebsiella pneumoniae species complex	NA	NA	NA	58440	56.095	data/metadata/external/phagehostlearn/phages_genomes.zip::phages_genomes/S9a.fasta	source_id=S9a; source_study=phagehostlearn_2024; source_reference=https://doi.org/10.5281/zenodo.11061100; https://doi.org/10.1038/s41467-024-48675-6; benchmark_entity=true; review_status=reviewed; spot-test benchmark phage; source catalog imports only reviewed source-identity rows; zip_member=phages_genomes/S9a.fasta; zip_md5=f43159fd3473e2d22a56fec27e8d443c; member_size_bytes=58446; sequence_count=1; review_scope=source_identity_only; review_basis=phagehostlearn_matrix_and_phage_archive_member; review_limitations=spot_matrix_only_no_productive_infection_claim
