host_genome_id	source_host_id	support_source	receptor_support_status	locus_protein_count	locus_protein_count_bin	locus_fingerprint_sha256	source_file_sha256	notes
phagehostlearn_2024_host_102KP-HG	102KP-HG	Locibase	seed_locibase_locus_support	21	2plus	60748f9be4be59a2386261b54c10c0053b094e1940817f1a8e45da76da57e0da	Locibase:edd00e8b6b2fb91960de95f535e7ce7473aaf4291c7bda9437471a1dd569bbb5	Seed Locibase locus bridge metadata from PhageHostLearn; not Kaptive/Kleborate K/O/ST typing and not functional receptor proof.
phagehostlearn_2024_host_1210	1210	Locibase	seed_locibase_locus_support	18	2plus	86cf9c4f3f272f84214d5d0a6953ed7998f90a0b2524e15f4741a650d81f2c8b	Locibase:edd00e8b6b2fb91960de95f535e7ce7473aaf4291c7bda9437471a1dd569bbb5	Seed Locibase locus bridge metadata from PhageHostLearn; not Kaptive/Kleborate K/O/ST typing and not functional receptor proof.
phagehostlearn_2024_host_132	132	Locibase	seed_locibase_locus_support	20	2plus	41322410658d63ad383ea1abd6491507e55664c62db31d0e629584d36ae03846	Locibase:edd00e8b6b2fb91960de95f535e7ce7473aaf4291c7bda9437471a1dd569bbb5	Seed Locibase locus bridge metadata from PhageHostLearn; not Kaptive/Kleborate K/O/ST typing and not functional receptor proof.
phagehostlearn_2024_host_1446	1446	Locibase	seed_locibase_locus_support	20	2plus	ade813c44098455c9078215428726d5367fb33ad97bbeea7ab93396529b0e9c3	Locibase:edd00e8b6b2fb91960de95f535e7ce7473aaf4291c7bda9437471a1dd569bbb5	Seed Locibase locus bridge metadata from PhageHostLearn; not Kaptive/Kleborate K/O/ST typing and not functional receptor proof.
phagehostlearn_2024_host_1468	1468	Locibase	seed_locibase_locus_support	20	2plus	1e67aa20f1b97b17e4ed923ce0a519822e915c0d1204612b078b75f6adc9e520	Locibase:edd00e8b6b2fb91960de95f535e7ce7473aaf4291c7bda9437471a1dd569bbb5	Seed Locibase locus bridge metadata from PhageHostLearn; not Kaptive/Kleborate K/O/ST typing and not functional receptor proof.
phagehostlearn_2024_host_156KP-HG	156KP-HG	Locibase	seed_locibase_locus_support	19	2plus	5ac8f77f65d2ecf753039206051e6271678e7cb7505e240cbde6c94f71c4317e	Locibase:edd00e8b6b2fb91960de95f535e7ce7473aaf4291c7bda9437471a1dd569bbb5	Seed Locibase locus bridge metadata from PhageHostLearn; not Kaptive/Kleborate K/O/ST typing and not functional receptor proof.
phagehostlearn_2024_host_1572	1572	Locibase	seed_locibase_locus_support	20	2plus	3dc1748c54d06301f7355d1ae025618fe9c6ed0d799ce21f376ec095eceb3c38	Locibase:edd00e8b6b2fb91960de95f535e7ce7473aaf4291c7bda9437471a1dd569bbb5	Seed Locibase locus bridge metadata from PhageHostLearn; not Kaptive/Kleborate K/O/ST typing and not functional receptor proof.
phagehostlearn_2024_host_159KP-HG	159KP-HG	Locibase	seed_locibase_locus_support	20	2plus	8f502269a11f2048304cc0a37baf151519c18434abb8e68b3f0753a315c1e036	Locibase:edd00e8b6b2fb91960de95f535e7ce7473aaf4291c7bda9437471a1dd569bbb5	Seed Locibase locus bridge metadata from PhageHostLearn; not Kaptive/Kleborate K/O/ST typing and not functional receptor proof.
phagehostlearn_2024_host_191KP-HG	191KP-HG	Locibase	seed_locibase_locus_support	20	2plus	8f502269a11f2048304cc0a37baf151519c18434abb8e68b3f0753a315c1e036	Locibase:edd00e8b6b2fb91960de95f535e7ce7473aaf4291c7bda9437471a1dd569bbb5	Seed Locibase locus bridge metadata from PhageHostLearn; not Kaptive/Kleborate K/O/ST typing and not functional receptor proof.
phagehostlearn_2024_host_201KP-HG	201KP-HG	Locibase	seed_locibase_locus_support	20	2plus	258a5cb9a3c53f868f0e68e2675235b73426ff6e7b78fe240844609e1d706f64	Locibase:edd00e8b6b2fb91960de95f535e7ce7473aaf4291c7bda9437471a1dd569bbb5	Seed Locibase locus bridge metadata from PhageHostLearn; not Kaptive/Kleborate K/O/ST typing and not functional receptor proof.
phagehostlearn_2024_host_205KP-HG	205KP-HG	Locibase	seed_locibase_locus_support	18	2plus	3708e664fd13715d5ae09df1217dcb768018e7ea14e65d247c51b223b5309f13	Locibase:edd00e8b6b2fb91960de95f535e7ce7473aaf4291c7bda9437471a1dd569bbb5	Seed Locibase locus bridge metadata from PhageHostLearn; not Kaptive/Kleborate K/O/ST typing and not functional receptor proof.
phagehostlearn_2024_host_2164	2164	Locibase	seed_locibase_locus_support	19	2plus	5fbce5f900247180edffd22ad257eb1bc9a44a21b8a892b6021929e10bb2b805	Locibase:edd00e8b6b2fb91960de95f535e7ce7473aaf4291c7bda9437471a1dd569bbb5	Seed Locibase locus bridge metadata from PhageHostLearn; not Kaptive/Kleborate K/O/ST typing and not functional receptor proof.
phagehostlearn_2024_host_218KP-HG	218KP-HG	Locibase	seed_locibase_locus_support	21	2plus	337acba32af0bc248bb30aa1d8a50cb8eb3108776bae4bb68cfdde203e72b2b2	Locibase:edd00e8b6b2fb91960de95f535e7ce7473aaf4291c7bda9437471a1dd569bbb5	Seed Locibase locus bridge metadata from PhageHostLearn; not Kaptive/Kleborate K/O/ST typing and not functional receptor proof.
phagehostlearn_2024_host_225KP-HG	225KP-HG	Locibase	seed_locibase_locus_support	20	2plus	519fe3d899e9ce3930f3073e53d272793ed1b97745c59f2f357d1d012eb53535	Locibase:edd00e8b6b2fb91960de95f535e7ce7473aaf4291c7bda9437471a1dd569bbb5	Seed Locibase locus bridge metadata from PhageHostLearn; not Kaptive/Kleborate K/O/ST typing and not functional receptor proof.
phagehostlearn_2024_host_228	228	Locibase	seed_locibase_locus_support	21	2plus	1587ebe826ca246c423d3650589b9583560910b4e0eb757535e17ef023467cee	Locibase:edd00e8b6b2fb91960de95f535e7ce7473aaf4291c7bda9437471a1dd569bbb5	Seed Locibase locus bridge metadata from PhageHostLearn; not Kaptive/Kleborate K/O/ST typing and not functional receptor proof.
phagehostlearn_2024_host_234KP-HG	234KP-HG	Locibase	seed_locibase_locus_support	18	2plus	0e28b99a6c6475c1c72c3bd9ac01418335c2d44b31c084f5ea88b3c01de2bee5	Locibase:edd00e8b6b2fb91960de95f535e7ce7473aaf4291c7bda9437471a1dd569bbb5	Seed Locibase locus bridge metadata from PhageHostLearn; not Kaptive/Kleborate K/O/ST typing and not functional receptor proof.
phagehostlearn_2024_host_242KP-HG	242KP-HG	Locibase	seed_locibase_locus_support	20	2plus	c8aa1c5d7a226a71c3e4f4435e41d8039e427aca27fddaa9699fd52ab5704fc9	Locibase:edd00e8b6b2fb91960de95f535e7ce7473aaf4291c7bda9437471a1dd569bbb5	Seed Locibase locus bridge metadata from PhageHostLearn; not Kaptive/Kleborate K/O/ST typing and not functional receptor proof.
phagehostlearn_2024_host_245	245	Locibase	seed_locibase_locus_support	21	2plus	1587ebe826ca246c423d3650589b9583560910b4e0eb757535e17ef023467cee	Locibase:edd00e8b6b2fb91960de95f535e7ce7473aaf4291c7bda9437471a1dd569bbb5	Seed Locibase locus bridge metadata from PhageHostLearn; not Kaptive/Kleborate K/O/ST typing and not functional receptor proof.
phagehostlearn_2024_host_255KP-HG	255KP-HG	Locibase	seed_locibase_locus_support	18	2plus	a6d040d7ae26640be3a4ee95e468596a77d7c5994f7b539358030e484a51f613	Locibase:edd00e8b6b2fb91960de95f535e7ce7473aaf4291c7bda9437471a1dd569bbb5	Seed Locibase locus bridge metadata from PhageHostLearn; not Kaptive/Kleborate K/O/ST typing and not functional receptor proof.
phagehostlearn_2024_host_268KP-HG	268KP-HG	Locibase	seed_locibase_locus_support	20	2plus	8f502269a11f2048304cc0a37baf151519c18434abb8e68b3f0753a315c1e036	Locibase:edd00e8b6b2fb91960de95f535e7ce7473aaf4291c7bda9437471a1dd569bbb5	Seed Locibase locus bridge metadata from PhageHostLearn; not Kaptive/Kleborate K/O/ST typing and not functional receptor proof.
phagehostlearn_2024_host_33KP-HG	33KP-HG	Locibase	seed_locibase_locus_support	19	2plus	90fc69652a3ad861ba42137ccc94888045fa3a61b5533e65a5f5057d20e5f0fe	Locibase:edd00e8b6b2fb91960de95f535e7ce7473aaf4291c7bda9437471a1dd569bbb5	Seed Locibase locus bridge metadata from PhageHostLearn; not Kaptive/Kleborate K/O/ST typing and not functional receptor proof.
phagehostlearn_2024_host_34KP-HG	34KP-HG	Locibase	seed_locibase_locus_support	16	2plus	1b118a999c05555d400bfd73840f81e0d14ea8788b54ad91b0d675680fded12e	Locibase:edd00e8b6b2fb91960de95f535e7ce7473aaf4291c7bda9437471a1dd569bbb5	Seed Locibase locus bridge metadata from PhageHostLearn; not Kaptive/Kleborate K/O/ST typing and not functional receptor proof.
phagehostlearn_2024_host_406	406	Locibase	seed_locibase_locus_support	24	2plus	c7055a922f10222627293128aaacbf168792cc73f053f1014785019b032fac01	Locibase:edd00e8b6b2fb91960de95f535e7ce7473aaf4291c7bda9437471a1dd569bbb5	Seed Locibase locus bridge metadata from PhageHostLearn; not Kaptive/Kleborate K/O/ST typing and not functional receptor proof.
phagehostlearn_2024_host_42KP-HG	42KP-HG	Locibase	seed_locibase_locus_support	20	2plus	3291c83ea8c3fa78dcb9027f241436c499dbf8033f547dd3b02a2d5e2eed4f22	Locibase:edd00e8b6b2fb91960de95f535e7ce7473aaf4291c7bda9437471a1dd569bbb5	Seed Locibase locus bridge metadata from PhageHostLearn; not Kaptive/Kleborate K/O/ST typing and not functional receptor proof.
phagehostlearn_2024_host_48KP-HG	48KP-HG	Locibase	seed_locibase_locus_support	16	2plus	1b118a999c05555d400bfd73840f81e0d14ea8788b54ad91b0d675680fded12e	Locibase:edd00e8b6b2fb91960de95f535e7ce7473aaf4291c7bda9437471a1dd569bbb5	Seed Locibase locus bridge metadata from PhageHostLearn; not Kaptive/Kleborate K/O/ST typing and not functional receptor proof.
phagehostlearn_2024_host_52KP-HG	52KP-HG	Locibase	seed_locibase_locus_support	19	2plus	65b89f00db00add4598aa672eb092884d9462634a65d051bb1a4160770af5363	Locibase:edd00e8b6b2fb91960de95f535e7ce7473aaf4291c7bda9437471a1dd569bbb5	Seed Locibase locus bridge metadata from PhageHostLearn; not Kaptive/Kleborate K/O/ST typing and not functional receptor proof.
phagehostlearn_2024_host_62KP-HG	62KP-HG	Locibase	seed_locibase_locus_support	19	2plus	65b89f00db00add4598aa672eb092884d9462634a65d051bb1a4160770af5363	Locibase:edd00e8b6b2fb91960de95f535e7ce7473aaf4291c7bda9437471a1dd569bbb5	Seed Locibase locus bridge metadata from PhageHostLearn; not Kaptive/Kleborate K/O/ST typing and not functional receptor proof.
phagehostlearn_2024_host_779	779	Locibase	seed_locibase_locus_support	17	2plus	43285d839e4b0bbaee94af818e6d47574d30e5a3099b6d11931a02cddb022866	Locibase:edd00e8b6b2fb91960de95f535e7ce7473aaf4291c7bda9437471a1dd569bbb5	Seed Locibase locus bridge metadata from PhageHostLearn; not Kaptive/Kleborate K/O/ST typing and not functional receptor proof.
phagehostlearn_2024_host_806	806	Locibase	seed_locibase_locus_support	16	2plus	ae94764074644714e28e9aaea59b41be82a7a10543a3d15a64f59194f52aa8d7	Locibase:edd00e8b6b2fb91960de95f535e7ce7473aaf4291c7bda9437471a1dd569bbb5	Seed Locibase locus bridge metadata from PhageHostLearn; not Kaptive/Kleborate K/O/ST typing and not functional receptor proof.
phagehostlearn_2024_host_CU276	CU276	Locibase	seed_locibase_locus_support	20	2plus	3dba8b12ffa5f8fed1c27a13043a38d275fcaa1353af3ceeb8dd93522779848a	Locibase:edd00e8b6b2fb91960de95f535e7ce7473aaf4291c7bda9437471a1dd569bbb5	Seed Locibase locus bridge metadata from PhageHostLearn; not Kaptive/Kleborate K/O/ST typing and not functional receptor proof.
phagehostlearn_2024_host_CU293	CU293	Locibase	seed_locibase_locus_support	20	2plus	1884e1d9a496385bbe4faa7d4f42cb8d7a4a02ffb642047e09cdaf59a13eb2fa	Locibase:edd00e8b6b2fb91960de95f535e7ce7473aaf4291c7bda9437471a1dd569bbb5	Seed Locibase locus bridge metadata from PhageHostLearn; not Kaptive/Kleborate K/O/ST typing and not functional receptor proof.
phagehostlearn_2024_host_CU371	CU371	Locibase	seed_locibase_locus_support	22	2plus	af7b19972016e4c8b2b8edcaee676e1ea8b8ce751418dc25779190d5b9ba9dcf	Locibase:edd00e8b6b2fb91960de95f535e7ce7473aaf4291c7bda9437471a1dd569bbb5	Seed Locibase locus bridge metadata from PhageHostLearn; not Kaptive/Kleborate K/O/ST typing and not functional receptor proof.
phagehostlearn_2024_host_CU402	CU402	Locibase	seed_locibase_locus_support	21	2plus	1587ebe826ca246c423d3650589b9583560910b4e0eb757535e17ef023467cee	Locibase:edd00e8b6b2fb91960de95f535e7ce7473aaf4291c7bda9437471a1dd569bbb5	Seed Locibase locus bridge metadata from PhageHostLearn; not Kaptive/Kleborate K/O/ST typing and not functional receptor proof.
phagehostlearn_2024_host_CU406	CU406	Locibase	seed_locibase_locus_support	21	2plus	1587ebe826ca246c423d3650589b9583560910b4e0eb757535e17ef023467cee	Locibase:edd00e8b6b2fb91960de95f535e7ce7473aaf4291c7bda9437471a1dd569bbb5	Seed Locibase locus bridge metadata from PhageHostLearn; not Kaptive/Kleborate K/O/ST typing and not functional receptor proof.
phagehostlearn_2024_host_CU443	CU443	Locibase	seed_locibase_locus_support	17	2plus	1e1b2d8006201842df8858802795b2ccdfb5b88ea294f556b47704f2863d2ce4	Locibase:edd00e8b6b2fb91960de95f535e7ce7473aaf4291c7bda9437471a1dd569bbb5	Seed Locibase locus bridge metadata from PhageHostLearn; not Kaptive/Kleborate K/O/ST typing and not functional receptor proof.
phagehostlearn_2024_host_CU448	CU448	Locibase	seed_locibase_locus_support	17	2plus	1e1b2d8006201842df8858802795b2ccdfb5b88ea294f556b47704f2863d2ce4	Locibase:edd00e8b6b2fb91960de95f535e7ce7473aaf4291c7bda9437471a1dd569bbb5	Seed Locibase locus bridge metadata from PhageHostLearn; not Kaptive/Kleborate K/O/ST typing and not functional receptor proof.
phagehostlearn_2024_host_CU451	CU451	Locibase	seed_locibase_locus_support	17	2plus	1e1b2d8006201842df8858802795b2ccdfb5b88ea294f556b47704f2863d2ce4	Locibase:edd00e8b6b2fb91960de95f535e7ce7473aaf4291c7bda9437471a1dd569bbb5	Seed Locibase locus bridge metadata from PhageHostLearn; not Kaptive/Kleborate K/O/ST typing and not functional receptor proof.
phagehostlearn_2024_host_CU494	CU494	Locibase	seed_locibase_locus_support	21	2plus	1587ebe826ca246c423d3650589b9583560910b4e0eb757535e17ef023467cee	Locibase:edd00e8b6b2fb91960de95f535e7ce7473aaf4291c7bda9437471a1dd569bbb5	Seed Locibase locus bridge metadata from PhageHostLearn; not Kaptive/Kleborate K/O/ST typing and not functional receptor proof.
phagehostlearn_2024_host_CU503	CU503	Locibase	seed_locibase_locus_support	21	2plus	1587ebe826ca246c423d3650589b9583560910b4e0eb757535e17ef023467cee	Locibase:edd00e8b6b2fb91960de95f535e7ce7473aaf4291c7bda9437471a1dd569bbb5	Seed Locibase locus bridge metadata from PhageHostLearn; not Kaptive/Kleborate K/O/ST typing and not functional receptor proof.
phagehostlearn_2024_host_ERS523587	ERS523587	Locibase	seed_locibase_locus_support	18	2plus	f68bd6a784829b321f14ed2c28d6380123f2bd3345b06eabfbfee67608af9d30	Locibase:edd00e8b6b2fb91960de95f535e7ce7473aaf4291c7bda9437471a1dd569bbb5	Seed Locibase locus bridge metadata from PhageHostLearn; not Kaptive/Kleborate K/O/ST typing and not functional receptor proof.
phagehostlearn_2024_host_ERS523588	ERS523588	Locibase	seed_locibase_locus_support	18	2plus	6546b4dadeb70e21955f256ee24534295caf320d7a055cb7e957690d87597855	Locibase:edd00e8b6b2fb91960de95f535e7ce7473aaf4291c7bda9437471a1dd569bbb5	Seed Locibase locus bridge metadata from PhageHostLearn; not Kaptive/Kleborate K/O/ST typing and not functional receptor proof.
phagehostlearn_2024_host_ERS523589	ERS523589	Locibase	seed_locibase_locus_support	18	2plus	6be82c2375425e4c2e4a345e1970374ace33fe2bbc85e47a85228fac19ba585f	Locibase:edd00e8b6b2fb91960de95f535e7ce7473aaf4291c7bda9437471a1dd569bbb5	Seed Locibase locus bridge metadata from PhageHostLearn; not Kaptive/Kleborate K/O/ST typing and not functional receptor proof.
phagehostlearn_2024_host_ERS659571	ERS659571	Locibase	seed_locibase_locus_support	16	2plus	a4b548dd008402f207b3aa67e9a5b02f790d08dc5b7b8d0388397cfa666491d0	Locibase:edd00e8b6b2fb91960de95f535e7ce7473aaf4291c7bda9437471a1dd569bbb5	Seed Locibase locus bridge metadata from PhageHostLearn; not Kaptive/Kleborate K/O/ST typing and not functional receptor proof.
phagehostlearn_2024_host_ERS659577	ERS659577	Locibase	seed_locibase_locus_support	19	2plus	2e6807912d93bbdbae26d9dfa8754cf302cee9e29a7ef54eeec0cb228c2d7d79	Locibase:edd00e8b6b2fb91960de95f535e7ce7473aaf4291c7bda9437471a1dd569bbb5	Seed Locibase locus bridge metadata from PhageHostLearn; not Kaptive/Kleborate K/O/ST typing and not functional receptor proof.
phagehostlearn_2024_host_ERS659578	ERS659578	Locibase	seed_locibase_locus_support	19	2plus	2e6807912d93bbdbae26d9dfa8754cf302cee9e29a7ef54eeec0cb228c2d7d79	Locibase:edd00e8b6b2fb91960de95f535e7ce7473aaf4291c7bda9437471a1dd569bbb5	Seed Locibase locus bridge metadata from PhageHostLearn; not Kaptive/Kleborate K/O/ST typing and not functional receptor proof.
phagehostlearn_2024_host_ERS659579	ERS659579	Locibase	seed_locibase_locus_support	23	2plus	d8f6ea8a56b37721aed0234d98d8dca6c868d9338b7cb1e379208b3c2e0b51ab	Locibase:edd00e8b6b2fb91960de95f535e7ce7473aaf4291c7bda9437471a1dd569bbb5	Seed Locibase locus bridge metadata from PhageHostLearn; not Kaptive/Kleborate K/O/ST typing and not functional receptor proof.
phagehostlearn_2024_host_ERS659580	ERS659580	Locibase	seed_locibase_locus_support	20	2plus	1fa5fed71ca56f0caa150028502a4c288da45f383abba2b0061c36cfaa0e5109	Locibase:edd00e8b6b2fb91960de95f535e7ce7473aaf4291c7bda9437471a1dd569bbb5	Seed Locibase locus bridge metadata from PhageHostLearn; not Kaptive/Kleborate K/O/ST typing and not functional receptor proof.
phagehostlearn_2024_host_ERS659581	ERS659581	Locibase	seed_locibase_locus_support	17	2plus	ec3920a07f20c7da8271bec9cca898414d9134d13339da3e2fad7c9184083bab	Locibase:edd00e8b6b2fb91960de95f535e7ce7473aaf4291c7bda9437471a1dd569bbb5	Seed Locibase locus bridge metadata from PhageHostLearn; not Kaptive/Kleborate K/O/ST typing and not functional receptor proof.
phagehostlearn_2024_host_ERS685293	ERS685293	Locibase	seed_locibase_locus_support	14	2plus	225fdc0b89f24c63751f2563cf28162f29a7471344dae87dea84cdc7c1b989da	Locibase:edd00e8b6b2fb91960de95f535e7ce7473aaf4291c7bda9437471a1dd569bbb5	Seed Locibase locus bridge metadata from PhageHostLearn; not Kaptive/Kleborate K/O/ST typing and not functional receptor proof.
phagehostlearn_2024_host_ERS685294	ERS685294	Locibase	seed_locibase_locus_support	20	2plus	2d86d29aa47f8dab9b428b19aafbc774159001fd8035eb19931f1817742ef464	Locibase:edd00e8b6b2fb91960de95f535e7ce7473aaf4291c7bda9437471a1dd569bbb5	Seed Locibase locus bridge metadata from PhageHostLearn; not Kaptive/Kleborate K/O/ST typing and not functional receptor proof.
phagehostlearn_2024_host_ERS685295	ERS685295	Locibase	seed_locibase_locus_support	19	2plus	0f63490b61f12c2d1a934a380110325a21fff9609b9900522fee90be3c1c1f66	Locibase:edd00e8b6b2fb91960de95f535e7ce7473aaf4291c7bda9437471a1dd569bbb5	Seed Locibase locus bridge metadata from PhageHostLearn; not Kaptive/Kleborate K/O/ST typing and not functional receptor proof.
phagehostlearn_2024_host_ERS686706	ERS686706	Locibase	seed_locibase_locus_support	24	2plus	e0b86d658bf03dfe742dde3d4f8d96e015d78f7fdd5f2e1a301c33119f2af815	Locibase:edd00e8b6b2fb91960de95f535e7ce7473aaf4291c7bda9437471a1dd569bbb5	Seed Locibase locus bridge metadata from PhageHostLearn; not Kaptive/Kleborate K/O/ST typing and not functional receptor proof.
phagehostlearn_2024_host_ERS686707	ERS686707	Locibase	seed_locibase_locus_support	20	2plus	1635c024baf6ac8f95bc6262db87be3f09bac59de63cb8c767b6216093332664	Locibase:edd00e8b6b2fb91960de95f535e7ce7473aaf4291c7bda9437471a1dd569bbb5	Seed Locibase locus bridge metadata from PhageHostLearn; not Kaptive/Kleborate K/O/ST typing and not functional receptor proof.
phagehostlearn_2024_host_ERS686708	ERS686708	Locibase	seed_locibase_locus_support	21	2plus	bf4ec8c30f80d2131e4359bd170f7466055980830faec25c01cb35b2bb011d4b	Locibase:edd00e8b6b2fb91960de95f535e7ce7473aaf4291c7bda9437471a1dd569bbb5	Seed Locibase locus bridge metadata from PhageHostLearn; not Kaptive/Kleborate K/O/ST typing and not functional receptor proof.
phagehostlearn_2024_host_ERS686709	ERS686709	Locibase	seed_locibase_locus_support	20	2plus	7e1cdf2d1a441bcdb9bc1bff82551ae39ef00c7c6c0f02693e3d0e66e6ac3db7	Locibase:edd00e8b6b2fb91960de95f535e7ce7473aaf4291c7bda9437471a1dd569bbb5	Seed Locibase locus bridge metadata from PhageHostLearn; not Kaptive/Kleborate K/O/ST typing and not functional receptor proof.
phagehostlearn_2024_host_ERS686710	ERS686710	Locibase	seed_locibase_locus_support	20	2plus	4c3cbd2ec24baabb2e6009547a017c29c90ffe378f0dc5f706fb3e906dfee080	Locibase:edd00e8b6b2fb91960de95f535e7ce7473aaf4291c7bda9437471a1dd569bbb5	Seed Locibase locus bridge metadata from PhageHostLearn; not Kaptive/Kleborate K/O/ST typing and not functional receptor proof.
phagehostlearn_2024_host_ERS686711	ERS686711	Locibase	seed_locibase_locus_support	22	2plus	67e692167dd0cd84dd40e413b58bd0354438750e0603a4d6b527ddb03ffad623	Locibase:edd00e8b6b2fb91960de95f535e7ce7473aaf4291c7bda9437471a1dd569bbb5	Seed Locibase locus bridge metadata from PhageHostLearn; not Kaptive/Kleborate K/O/ST typing and not functional receptor proof.
phagehostlearn_2024_host_ERS701896	ERS701896	Locibase	seed_locibase_locus_support	20	2plus	0dfead32ad76543e71c962dd288344043ca5588b38e1c62086e6cc9e2317e02a	Locibase:edd00e8b6b2fb91960de95f535e7ce7473aaf4291c7bda9437471a1dd569bbb5	Seed Locibase locus bridge metadata from PhageHostLearn; not Kaptive/Kleborate K/O/ST typing and not functional receptor proof.
phagehostlearn_2024_host_ERS702127	ERS702127	Locibase	seed_locibase_locus_support	17	2plus	f24037ace12d097765ff5a13961f0f31312b7e6eae2145ecc1430e6e44d49236	Locibase:edd00e8b6b2fb91960de95f535e7ce7473aaf4291c7bda9437471a1dd569bbb5	Seed Locibase locus bridge metadata from PhageHostLearn; not Kaptive/Kleborate K/O/ST typing and not functional receptor proof.
phagehostlearn_2024_host_ERS702128	ERS702128	Locibase	seed_locibase_locus_support	20	2plus	6a9ddf54c6369c2dd027db127f3a74d1a7641b83587d52b029b367ee70624427	Locibase:edd00e8b6b2fb91960de95f535e7ce7473aaf4291c7bda9437471a1dd569bbb5	Seed Locibase locus bridge metadata from PhageHostLearn; not Kaptive/Kleborate K/O/ST typing and not functional receptor proof.
phagehostlearn_2024_host_ERS702129	ERS702129	Locibase	seed_locibase_locus_support	21	2plus	537164313dd674b5f47b029d2e5052ee2a2f6baccbf1cd951def4eaccc42d5f3	Locibase:edd00e8b6b2fb91960de95f535e7ce7473aaf4291c7bda9437471a1dd569bbb5	Seed Locibase locus bridge metadata from PhageHostLearn; not Kaptive/Kleborate K/O/ST typing and not functional receptor proof.
phagehostlearn_2024_host_ERS702130	ERS702130	Locibase	seed_locibase_locus_support	20	2plus	bdd5e9629464b7ae867ce966c2c7bbe12d4fc7965f1d5c7846c70f16edb28336	Locibase:edd00e8b6b2fb91960de95f535e7ce7473aaf4291c7bda9437471a1dd569bbb5	Seed Locibase locus bridge metadata from PhageHostLearn; not Kaptive/Kleborate K/O/ST typing and not functional receptor proof.
phagehostlearn_2024_host_ERS702131	ERS702131	Locibase	seed_locibase_locus_support	20	2plus	4db051aefc46c17461b5cda1d80fd5f5d877f7a1d1e5413fc23470d31dad9cb2	Locibase:edd00e8b6b2fb91960de95f535e7ce7473aaf4291c7bda9437471a1dd569bbb5	Seed Locibase locus bridge metadata from PhageHostLearn; not Kaptive/Kleborate K/O/ST typing and not functional receptor proof.
phagehostlearn_2024_host_ERS702132	ERS702132	Locibase	seed_locibase_locus_support	21	2plus	6b80bd2061bf6c5b595a33565c29b2007ff93d663f578f592bc5b30a4e62aaa7	Locibase:edd00e8b6b2fb91960de95f535e7ce7473aaf4291c7bda9437471a1dd569bbb5	Seed Locibase locus bridge metadata from PhageHostLearn; not Kaptive/Kleborate K/O/ST typing and not functional receptor proof.
phagehostlearn_2024_host_ERS702133	ERS702133	Locibase	seed_locibase_locus_support	20	2plus	1be6051e3d386b67c05710f789943dc14153f3e2760c6293c4eb09618f900d9b	Locibase:edd00e8b6b2fb91960de95f535e7ce7473aaf4291c7bda9437471a1dd569bbb5	Seed Locibase locus bridge metadata from PhageHostLearn; not Kaptive/Kleborate K/O/ST typing and not functional receptor proof.
phagehostlearn_2024_host_ERS706552	ERS706552	Locibase	seed_locibase_locus_support	18	2plus	224448f5a7cbf83913ae691be49c48076e88627cea44a23c94ca54df07286c10	Locibase:edd00e8b6b2fb91960de95f535e7ce7473aaf4291c7bda9437471a1dd569bbb5	Seed Locibase locus bridge metadata from PhageHostLearn; not Kaptive/Kleborate K/O/ST typing and not functional receptor proof.
phagehostlearn_2024_host_ERS706553	ERS706553	Locibase	seed_locibase_locus_support	20	2plus	904a34fe107510e18109c20dcd676ab49aeba53b1784f589398cc2072c6e83b7	Locibase:edd00e8b6b2fb91960de95f535e7ce7473aaf4291c7bda9437471a1dd569bbb5	Seed Locibase locus bridge metadata from PhageHostLearn; not Kaptive/Kleborate K/O/ST typing and not functional receptor proof.
phagehostlearn_2024_host_ERS706554	ERS706554	Locibase	seed_locibase_locus_support	23	2plus	f3d63d9d04a215e464b344c6feec278f0e46e43fc57f43f4c4127a38a48884d6	Locibase:edd00e8b6b2fb91960de95f535e7ce7473aaf4291c7bda9437471a1dd569bbb5	Seed Locibase locus bridge metadata from PhageHostLearn; not Kaptive/Kleborate K/O/ST typing and not functional receptor proof.
phagehostlearn_2024_host_ERS706555	ERS706555	Locibase	seed_locibase_locus_support	19	2plus	841c90ae688e9c9c93b116f28feeb12e6dbc1a162b6b32c7c9887e83548a9d76	Locibase:edd00e8b6b2fb91960de95f535e7ce7473aaf4291c7bda9437471a1dd569bbb5	Seed Locibase locus bridge metadata from PhageHostLearn; not Kaptive/Kleborate K/O/ST typing and not functional receptor proof.
phagehostlearn_2024_host_ERS706556	ERS706556	Locibase	seed_locibase_locus_support	16	2plus	0e48f4d462bdb80b0e3f236023bcdaf8ee22caa2022343de961d25aac529d5bc	Locibase:edd00e8b6b2fb91960de95f535e7ce7473aaf4291c7bda9437471a1dd569bbb5	Seed Locibase locus bridge metadata from PhageHostLearn; not Kaptive/Kleborate K/O/ST typing and not functional receptor proof.
phagehostlearn_2024_host_ERS715399	ERS715399	Locibase	seed_locibase_locus_support	20	2plus	75f62d0c597f6dd309cda0391480c5e8cb6e87310d0e19d1b0efabdd44341b1f	Locibase:edd00e8b6b2fb91960de95f535e7ce7473aaf4291c7bda9437471a1dd569bbb5	Seed Locibase locus bridge metadata from PhageHostLearn; not Kaptive/Kleborate K/O/ST typing and not functional receptor proof.
phagehostlearn_2024_host_ERS715400	ERS715400	Locibase	seed_locibase_locus_support	20	2plus	9ebcff902a1fe110ef15f276b8b84eaabf6500e962ec310bd122694b82ad764e	Locibase:edd00e8b6b2fb91960de95f535e7ce7473aaf4291c7bda9437471a1dd569bbb5	Seed Locibase locus bridge metadata from PhageHostLearn; not Kaptive/Kleborate K/O/ST typing and not functional receptor proof.
phagehostlearn_2024_host_ERS715401	ERS715401	Locibase	seed_locibase_locus_support	22	2plus	9b9b603c1c2911cf5ecada04691b50a76715445dd8bc8dca4528a9e6d985835b	Locibase:edd00e8b6b2fb91960de95f535e7ce7473aaf4291c7bda9437471a1dd569bbb5	Seed Locibase locus bridge metadata from PhageHostLearn; not Kaptive/Kleborate K/O/ST typing and not functional receptor proof.
phagehostlearn_2024_host_ERS715409	ERS715409	Locibase	seed_locibase_locus_support	19	2plus	2d7920c8f7e64b4ef6bde0602174512d3a716cee6bcf45422ed5aabd6be8bb26	Locibase:edd00e8b6b2fb91960de95f535e7ce7473aaf4291c7bda9437471a1dd569bbb5	Seed Locibase locus bridge metadata from PhageHostLearn; not Kaptive/Kleborate K/O/ST typing and not functional receptor proof.
phagehostlearn_2024_host_ERS715410	ERS715410	Locibase	seed_locibase_locus_support	17	2plus	ac214c69ddd398e8907602c87785f98c7fd661a38055f4d10024be92d7fd691f	Locibase:edd00e8b6b2fb91960de95f535e7ce7473aaf4291c7bda9437471a1dd569bbb5	Seed Locibase locus bridge metadata from PhageHostLearn; not Kaptive/Kleborate K/O/ST typing and not functional receptor proof.
phagehostlearn_2024_host_ERS715468	ERS715468	Locibase	seed_locibase_locus_support	18	2plus	7d28984939ad27a93d8db61477a7d8a1c4ee1a2ea2db96ab24f387021135f86a	Locibase:edd00e8b6b2fb91960de95f535e7ce7473aaf4291c7bda9437471a1dd569bbb5	Seed Locibase locus bridge metadata from PhageHostLearn; not Kaptive/Kleborate K/O/ST typing and not functional receptor proof.
phagehostlearn_2024_host_ERS715469	ERS715469	Locibase	seed_locibase_locus_support	19	2plus	af4ee940a2c2a33a980052d2a984ec10fc867e7bddbc59d6f8e8c452cdb8cdda	Locibase:edd00e8b6b2fb91960de95f535e7ce7473aaf4291c7bda9437471a1dd569bbb5	Seed Locibase locus bridge metadata from PhageHostLearn; not Kaptive/Kleborate K/O/ST typing and not functional receptor proof.
phagehostlearn_2024_host_ERS715470	ERS715470	Locibase	seed_locibase_locus_support	18	2plus	7fe4cf4bf615242ff253e711340ac74ae6f02ba2cdea68d8e2cbc4659b9f7cae	Locibase:edd00e8b6b2fb91960de95f535e7ce7473aaf4291c7bda9437471a1dd569bbb5	Seed Locibase locus bridge metadata from PhageHostLearn; not Kaptive/Kleborate K/O/ST typing and not functional receptor proof.
phagehostlearn_2024_host_ERS715471	ERS715471	Locibase	seed_locibase_locus_support	10	2plus	854ef3cf0941759836476bbdef44f522e0fd65c191cd2f4ed76a5fb60cb54cf3	Locibase:edd00e8b6b2fb91960de95f535e7ce7473aaf4291c7bda9437471a1dd569bbb5	Seed Locibase locus bridge metadata from PhageHostLearn; not Kaptive/Kleborate K/O/ST typing and not functional receptor proof.
phagehostlearn_2024_host_ERS715472	ERS715472	Locibase	seed_locibase_locus_support	18	2plus	8db6a8131d2ac9ce75eb2bab94f8a7d01fdb1e8caa9087493eb34a48af1e6271	Locibase:edd00e8b6b2fb91960de95f535e7ce7473aaf4291c7bda9437471a1dd569bbb5	Seed Locibase locus bridge metadata from PhageHostLearn; not Kaptive/Kleborate K/O/ST typing and not functional receptor proof.
phagehostlearn_2024_host_ERS715473	ERS715473	Locibase	seed_locibase_locus_support	18	2plus	850d53d997bf7f7b2f72b7768abc9943413fa1164d0b767399930b24849cb942	Locibase:edd00e8b6b2fb91960de95f535e7ce7473aaf4291c7bda9437471a1dd569bbb5	Seed Locibase locus bridge metadata from PhageHostLearn; not Kaptive/Kleborate K/O/ST typing and not functional receptor proof.
phagehostlearn_2024_host_ERS718583	ERS718583	Locibase	seed_locibase_locus_support	20	2plus	55b1c5843ac04d8eea5d2f2e28f860e517a1d7678130f47489c37c90c231715e	Locibase:edd00e8b6b2fb91960de95f535e7ce7473aaf4291c7bda9437471a1dd569bbb5	Seed Locibase locus bridge metadata from PhageHostLearn; not Kaptive/Kleborate K/O/ST typing and not functional receptor proof.
phagehostlearn_2024_host_ERS718584	ERS718584	Locibase	seed_locibase_locus_support	19	2plus	afa2d5bdac424345c86e8a6707a5b59a50cdaf9c0644ff72d9df4e288fec3ab4	Locibase:edd00e8b6b2fb91960de95f535e7ce7473aaf4291c7bda9437471a1dd569bbb5	Seed Locibase locus bridge metadata from PhageHostLearn; not Kaptive/Kleborate K/O/ST typing and not functional receptor proof.
phagehostlearn_2024_host_ERS736962	ERS736962	Locibase	seed_locibase_locus_support	19	2plus	092d5f04451184b2a5cc1eb028922b2d836de48ffc4a55c180219ec29c6d3b58	Locibase:edd00e8b6b2fb91960de95f535e7ce7473aaf4291c7bda9437471a1dd569bbb5	Seed Locibase locus bridge metadata from PhageHostLearn; not Kaptive/Kleborate K/O/ST typing and not functional receptor proof.
phagehostlearn_2024_host_ERS739094	ERS739094	Locibase	seed_locibase_locus_support	22	2plus	4fc8ea53e0fea44ead11d19873d3ca18d28fd8fc8521d87597e6160d09186eda	Locibase:edd00e8b6b2fb91960de95f535e7ce7473aaf4291c7bda9437471a1dd569bbb5	Seed Locibase locus bridge metadata from PhageHostLearn; not Kaptive/Kleborate K/O/ST typing and not functional receptor proof.
phagehostlearn_2024_host_ERS739095	ERS739095	Locibase	seed_locibase_locus_support	20	2plus	93b01f30d40aa9137f65c9f44db4183175fb33c97ae64194623c93a6ef3e61a1	Locibase:edd00e8b6b2fb91960de95f535e7ce7473aaf4291c7bda9437471a1dd569bbb5	Seed Locibase locus bridge metadata from PhageHostLearn; not Kaptive/Kleborate K/O/ST typing and not functional receptor proof.
phagehostlearn_2024_host_ERS743101	ERS743101	Locibase	seed_locibase_locus_support	25	2plus	559ebf7566059453d3dbb964cd13523df80402c0be42e3d5b7261f0f5b7ba358	Locibase:edd00e8b6b2fb91960de95f535e7ce7473aaf4291c7bda9437471a1dd569bbb5	Seed Locibase locus bridge metadata from PhageHostLearn; not Kaptive/Kleborate K/O/ST typing and not functional receptor proof.
phagehostlearn_2024_host_ERS744787	ERS744787	Locibase	seed_locibase_locus_support	20	2plus	90e7a3436e2a8a5e793a6c0f9af822a3f6dc609b910c8e73232e9053fdb27bfa	Locibase:edd00e8b6b2fb91960de95f535e7ce7473aaf4291c7bda9437471a1dd569bbb5	Seed Locibase locus bridge metadata from PhageHostLearn; not Kaptive/Kleborate K/O/ST typing and not functional receptor proof.
phagehostlearn_2024_host_ERS747603	ERS747603	Locibase	seed_locibase_locus_support	19	2plus	52ad4fc5eb826ad59a9eea28f05995dd95490419e2d1b1bed81832ebf79f9825	Locibase:edd00e8b6b2fb91960de95f535e7ce7473aaf4291c7bda9437471a1dd569bbb5	Seed Locibase locus bridge metadata from PhageHostLearn; not Kaptive/Kleborate K/O/ST typing and not functional receptor proof.
phagehostlearn_2024_host_ERS747611	ERS747611	Locibase	seed_locibase_locus_support	19	2plus	e5ece151833717325e4b4dbae291c362e8f5dfdcbe6f9622db212d3a914298f9	Locibase:edd00e8b6b2fb91960de95f535e7ce7473aaf4291c7bda9437471a1dd569bbb5	Seed Locibase locus bridge metadata from PhageHostLearn; not Kaptive/Kleborate K/O/ST typing and not functional receptor proof.
phagehostlearn_2024_host_ERS747612	ERS747612	Locibase	seed_locibase_locus_support	19	2plus	b3233f1788e28c6397d6f9278706c3feb52780a6d17a5cf6c292a8e565dcee77	Locibase:edd00e8b6b2fb91960de95f535e7ce7473aaf4291c7bda9437471a1dd569bbb5	Seed Locibase locus bridge metadata from PhageHostLearn; not Kaptive/Kleborate K/O/ST typing and not functional receptor proof.
phagehostlearn_2024_host_ERS764450	ERS764450	Locibase	seed_locibase_locus_support	20	2plus	d8520fe2e65b4a8192af0cfc047d0c6bdc6677e3728ada7339095ec0a2ca3c84	Locibase:edd00e8b6b2fb91960de95f535e7ce7473aaf4291c7bda9437471a1dd569bbb5	Seed Locibase locus bridge metadata from PhageHostLearn; not Kaptive/Kleborate K/O/ST typing and not functional receptor proof.
phagehostlearn_2024_host_ERS764451	ERS764451	Locibase	seed_locibase_locus_support	21	2plus	14971baf7bf74bbca7f7a89c0452bfc3a049cf1becdb73be2d8f90a5d5d96e6d	Locibase:edd00e8b6b2fb91960de95f535e7ce7473aaf4291c7bda9437471a1dd569bbb5	Seed Locibase locus bridge metadata from PhageHostLearn; not Kaptive/Kleborate K/O/ST typing and not functional receptor proof.
phagehostlearn_2024_host_ERS764452	ERS764452	Locibase	seed_locibase_locus_support	21	2plus	2ea1f95a2811d27e56dab04b0483f0e7643e7ae7825a80cbce2c57363cc04228	Locibase:edd00e8b6b2fb91960de95f535e7ce7473aaf4291c7bda9437471a1dd569bbb5	Seed Locibase locus bridge metadata from PhageHostLearn; not Kaptive/Kleborate K/O/ST typing and not functional receptor proof.
phagehostlearn_2024_host_ERS799795	ERS799795	Locibase	seed_locibase_locus_support	16	2plus	b4df809d85442f1a00cb20fb78e58b7b5322787c1ff8839778047896a7bd158e	Locibase:edd00e8b6b2fb91960de95f535e7ce7473aaf4291c7bda9437471a1dd569bbb5	Seed Locibase locus bridge metadata from PhageHostLearn; not Kaptive/Kleborate K/O/ST typing and not functional receptor proof.
phagehostlearn_2024_host_ERS799796	ERS799796	Locibase	seed_locibase_locus_support	22	2plus	9f037cbdc3d3f8c9ba7aa3dc82745a59f3c0e6a0e3ada947d474cf5cb509da33	Locibase:edd00e8b6b2fb91960de95f535e7ce7473aaf4291c7bda9437471a1dd569bbb5	Seed Locibase locus bridge metadata from PhageHostLearn; not Kaptive/Kleborate K/O/ST typing and not functional receptor proof.
phagehostlearn_2024_host_ERS799797	ERS799797	Locibase	seed_locibase_locus_support	20	2plus	9a2cf9c7b2135ed814316579d432017cc7e466016e03c5099279dc61a61061a9	Locibase:edd00e8b6b2fb91960de95f535e7ce7473aaf4291c7bda9437471a1dd569bbb5	Seed Locibase locus bridge metadata from PhageHostLearn; not Kaptive/Kleborate K/O/ST typing and not functional receptor proof.
phagehostlearn_2024_host_ERS799798	ERS799798	Locibase	seed_locibase_locus_support	18	2plus	75507d6491e97ce3e58d35e9a3896f2f21ada423c190591fc4e1d85c25526007	Locibase:edd00e8b6b2fb91960de95f535e7ce7473aaf4291c7bda9437471a1dd569bbb5	Seed Locibase locus bridge metadata from PhageHostLearn; not Kaptive/Kleborate K/O/ST typing and not functional receptor proof.
phagehostlearn_2024_host_ERS812516	ERS812516	Locibase	seed_locibase_locus_support	19	2plus	4a5cfa019fe5ad7a37e242c39931c6778516328075f4a5c8a7c55889817487ac	Locibase:edd00e8b6b2fb91960de95f535e7ce7473aaf4291c7bda9437471a1dd569bbb5	Seed Locibase locus bridge metadata from PhageHostLearn; not Kaptive/Kleborate K/O/ST typing and not functional receptor proof.
phagehostlearn_2024_host_HAV1_13	HAV1_13	Locibase	seed_locibase_locus_support	20	2plus	0579e18f7fe6f79d2ab834e1f86f666d758adcc817c726ba83e3ff68877d6780	Locibase:edd00e8b6b2fb91960de95f535e7ce7473aaf4291c7bda9437471a1dd569bbb5	Seed Locibase locus bridge metadata from PhageHostLearn; not Kaptive/Kleborate K/O/ST typing and not functional receptor proof.
phagehostlearn_2024_host_HAV1_14	HAV1_14	Locibase	seed_locibase_locus_support	21	2plus	d24821ac80b19d041a1e1ab9313eaabd43860104a3c5b65c69e652c22510bf8f	Locibase:edd00e8b6b2fb91960de95f535e7ce7473aaf4291c7bda9437471a1dd569bbb5	Seed Locibase locus bridge metadata from PhageHostLearn; not Kaptive/Kleborate K/O/ST typing and not functional receptor proof.
phagehostlearn_2024_host_HCV1_10	HCV1_10	Locibase	seed_locibase_locus_support	20	2plus	d6e00132bfc82b9f3f8e6a4d95396a1669698c1067e0be10e6c34a2acd1d9a12	Locibase:edd00e8b6b2fb91960de95f535e7ce7473aaf4291c7bda9437471a1dd569bbb5	Seed Locibase locus bridge metadata from PhageHostLearn; not Kaptive/Kleborate K/O/ST typing and not functional receptor proof.
phagehostlearn_2024_host_HCV1_19	HCV1_19	Locibase	seed_locibase_locus_support	19	2plus	270a48f716f7190aa13f010de75cc781927ecacafd4fb055b2bbf1d1d0cf2bb3	Locibase:edd00e8b6b2fb91960de95f535e7ce7473aaf4291c7bda9437471a1dd569bbb5	Seed Locibase locus bridge metadata from PhageHostLearn; not Kaptive/Kleborate K/O/ST typing and not functional receptor proof.
phagehostlearn_2024_host_HCV1_21	HCV1_21	Locibase	seed_locibase_locus_support	23	2plus	5da368ad05f5abd97220c793915be023e1edf33a9b47e71d73a186a9fe1c9f24	Locibase:edd00e8b6b2fb91960de95f535e7ce7473aaf4291c7bda9437471a1dd569bbb5	Seed Locibase locus bridge metadata from PhageHostLearn; not Kaptive/Kleborate K/O/ST typing and not functional receptor proof.
phagehostlearn_2024_host_HCV1_24	HCV1_24	Locibase	seed_locibase_locus_support	20	2plus	5b758959d9ba58a8f668beb5f05ec77be57640498bd75b4a5409218f15c3e99c	Locibase:edd00e8b6b2fb91960de95f535e7ce7473aaf4291c7bda9437471a1dd569bbb5	Seed Locibase locus bridge metadata from PhageHostLearn; not Kaptive/Kleborate K/O/ST typing and not functional receptor proof.
phagehostlearn_2024_host_HCV1_26	HCV1_26	Locibase	seed_locibase_locus_support	14	2plus	394614138c57d5f6707deb89ab4bb444488ef5f31bb89a2102f75d846302293c	Locibase:edd00e8b6b2fb91960de95f535e7ce7473aaf4291c7bda9437471a1dd569bbb5	Seed Locibase locus bridge metadata from PhageHostLearn; not Kaptive/Kleborate K/O/ST typing and not functional receptor proof.
phagehostlearn_2024_host_HCV1_27	HCV1_27	Locibase	seed_locibase_locus_support	25	2plus	9bc65a6e6b5e60f6b9373d35988d71de68c5545d769ffd931e554591457b7a47	Locibase:edd00e8b6b2fb91960de95f535e7ce7473aaf4291c7bda9437471a1dd569bbb5	Seed Locibase locus bridge metadata from PhageHostLearn; not Kaptive/Kleborate K/O/ST typing and not functional receptor proof.
phagehostlearn_2024_host_HCV1_33	HCV1_33	Locibase	seed_locibase_locus_support	18	2plus	ecd88a900094faf29ec0df76f755a86ac66979870b59f8e38c5c647843d75070	Locibase:edd00e8b6b2fb91960de95f535e7ce7473aaf4291c7bda9437471a1dd569bbb5	Seed Locibase locus bridge metadata from PhageHostLearn; not Kaptive/Kleborate K/O/ST typing and not functional receptor proof.
phagehostlearn_2024_host_HCV1_35	HCV1_35	Locibase	seed_locibase_locus_support	18	2plus	44474fd85ca27b68ff969a245cf5c8a9e6b73ddf4414e38fdf068f5b1ad73777	Locibase:edd00e8b6b2fb91960de95f535e7ce7473aaf4291c7bda9437471a1dd569bbb5	Seed Locibase locus bridge metadata from PhageHostLearn; not Kaptive/Kleborate K/O/ST typing and not functional receptor proof.
phagehostlearn_2024_host_HCV1_36	HCV1_36	Locibase	seed_locibase_locus_support	18	2plus	46107adc28ea510cf1ce9eb00b1623951acbfd8598f131d71fd76d61febf3c40	Locibase:edd00e8b6b2fb91960de95f535e7ce7473aaf4291c7bda9437471a1dd569bbb5	Seed Locibase locus bridge metadata from PhageHostLearn; not Kaptive/Kleborate K/O/ST typing and not functional receptor proof.
phagehostlearn_2024_host_HCV1_42	HCV1_42	Locibase	seed_locibase_locus_support	19	2plus	dcfa85aad5d710c89d780254d5e70013d046dffab05a9d292082e90cde8c7683	Locibase:edd00e8b6b2fb91960de95f535e7ce7473aaf4291c7bda9437471a1dd569bbb5	Seed Locibase locus bridge metadata from PhageHostLearn; not Kaptive/Kleborate K/O/ST typing and not functional receptor proof.
phagehostlearn_2024_host_HGUA4_08	HGUA4_08	Locibase	seed_locibase_locus_support	14	2plus	2cf90202f0d051a346409fe60558df66a9abaea1668fc6e696dacb1664920278	Locibase:edd00e8b6b2fb91960de95f535e7ce7473aaf4291c7bda9437471a1dd569bbb5	Seed Locibase locus bridge metadata from PhageHostLearn; not Kaptive/Kleborate K/O/ST typing and not functional receptor proof.
phagehostlearn_2024_host_HGUA4_09	HGUA4_09	Locibase	seed_locibase_locus_support	19	2plus	dac168fa41c267bc7e32e3b640cb497dd0109ddd43c76d6df3050000a86dd62f	Locibase:edd00e8b6b2fb91960de95f535e7ce7473aaf4291c7bda9437471a1dd569bbb5	Seed Locibase locus bridge metadata from PhageHostLearn; not Kaptive/Kleborate K/O/ST typing and not functional receptor proof.
phagehostlearn_2024_host_HGUA4_15	HGUA4_15	Locibase	seed_locibase_locus_support	25	2plus	b6200c39735c0cf202db6e294cc47bd7e467d1118a5195004b8dc282e75c3e97	Locibase:edd00e8b6b2fb91960de95f535e7ce7473aaf4291c7bda9437471a1dd569bbb5	Seed Locibase locus bridge metadata from PhageHostLearn; not Kaptive/Kleborate K/O/ST typing and not functional receptor proof.
phagehostlearn_2024_host_HGUA4_51	HGUA4_51	Locibase	seed_locibase_locus_support	19	2plus	66269623abcf75939a6d560a3dc04d8e487248e74d4fd591105524629f705450	Locibase:edd00e8b6b2fb91960de95f535e7ce7473aaf4291c7bda9437471a1dd569bbb5	Seed Locibase locus bridge metadata from PhageHostLearn; not Kaptive/Kleborate K/O/ST typing and not functional receptor proof.
phagehostlearn_2024_host_HGUC2_04	HGUC2_04	Locibase	seed_locibase_locus_support	18	2plus	2cab352d16620ee543bb9d0a7fb984167ab6e35883f9bea97af492581e4b4078	Locibase:edd00e8b6b2fb91960de95f535e7ce7473aaf4291c7bda9437471a1dd569bbb5	Seed Locibase locus bridge metadata from PhageHostLearn; not Kaptive/Kleborate K/O/ST typing and not functional receptor proof.
phagehostlearn_2024_host_HGUC2_09	HGUC2_09	Locibase	seed_locibase_locus_support	19	2plus	554cc4d516b6b18252a533d0c8adab9bd76748ce4fda2707df4fb54122df4da0	Locibase:edd00e8b6b2fb91960de95f535e7ce7473aaf4291c7bda9437471a1dd569bbb5	Seed Locibase locus bridge metadata from PhageHostLearn; not Kaptive/Kleborate K/O/ST typing and not functional receptor proof.
phagehostlearn_2024_host_HGV2C_01	HGV2C_01	Locibase	seed_locibase_locus_support	18	2plus	3428c93e93045778a5da04f26f96a7a1bc879115da2ddb2796e6b9f2cb793ab3	Locibase:edd00e8b6b2fb91960de95f535e7ce7473aaf4291c7bda9437471a1dd569bbb5	Seed Locibase locus bridge metadata from PhageHostLearn; not Kaptive/Kleborate K/O/ST typing and not functional receptor proof.
phagehostlearn_2024_host_HGV2C_02	HGV2C_02	Locibase	seed_locibase_locus_support	18	2plus	a695c16b931400cfea5dc0c78ac1d71999773cc457f284d9dd5bd77f2509c4a7	Locibase:edd00e8b6b2fb91960de95f535e7ce7473aaf4291c7bda9437471a1dd569bbb5	Seed Locibase locus bridge metadata from PhageHostLearn; not Kaptive/Kleborate K/O/ST typing and not functional receptor proof.
phagehostlearn_2024_host_HGV2C_03	HGV2C_03	Locibase	seed_locibase_locus_support	21	2plus	cb263e367932ded9e4d1f514d155803e53f3029894d6fe3c434dbaf77867d9d2	Locibase:edd00e8b6b2fb91960de95f535e7ce7473aaf4291c7bda9437471a1dd569bbb5	Seed Locibase locus bridge metadata from PhageHostLearn; not Kaptive/Kleborate K/O/ST typing and not functional receptor proof.
phagehostlearn_2024_host_HGV2C_06	HGV2C_06	Locibase	seed_locibase_locus_support	18	2plus	d4128ad55a2124102d2b4191071b158d2e809811055b3ce7f43180673e9aa959	Locibase:edd00e8b6b2fb91960de95f535e7ce7473aaf4291c7bda9437471a1dd569bbb5	Seed Locibase locus bridge metadata from PhageHostLearn; not Kaptive/Kleborate K/O/ST typing and not functional receptor proof.
phagehostlearn_2024_host_HGV2C_08	HGV2C_08	Locibase	seed_locibase_locus_support	20	2plus	f80620f18065860c753ff6eae5270875261029295afc1488ee3841bc922e9756	Locibase:edd00e8b6b2fb91960de95f535e7ce7473aaf4291c7bda9437471a1dd569bbb5	Seed Locibase locus bridge metadata from PhageHostLearn; not Kaptive/Kleborate K/O/ST typing and not functional receptor proof.
phagehostlearn_2024_host_HGV2C_10	HGV2C_10	Locibase	seed_locibase_locus_support	14	2plus	5a2bd7c56840c34e8e701b659f66350c79ebccf8cabfef3c60626ae4a88af43e	Locibase:edd00e8b6b2fb91960de95f535e7ce7473aaf4291c7bda9437471a1dd569bbb5	Seed Locibase locus bridge metadata from PhageHostLearn; not Kaptive/Kleborate K/O/ST typing and not functional receptor proof.
phagehostlearn_2024_host_HGV2C_11	HGV2C_11	Locibase	seed_locibase_locus_support	19	2plus	10383d7f89ecfa0c62d6dbc6c45cd5e6f7de138f6fd39bebbd7fd811209fc2ee	Locibase:edd00e8b6b2fb91960de95f535e7ce7473aaf4291c7bda9437471a1dd569bbb5	Seed Locibase locus bridge metadata from PhageHostLearn; not Kaptive/Kleborate K/O/ST typing and not functional receptor proof.
phagehostlearn_2024_host_HGV2C_13	HGV2C_13	Locibase	seed_locibase_locus_support	19	2plus	10383d7f89ecfa0c62d6dbc6c45cd5e6f7de138f6fd39bebbd7fd811209fc2ee	Locibase:edd00e8b6b2fb91960de95f535e7ce7473aaf4291c7bda9437471a1dd569bbb5	Seed Locibase locus bridge metadata from PhageHostLearn; not Kaptive/Kleborate K/O/ST typing and not functional receptor proof.
phagehostlearn_2024_host_HGV2C_14	HGV2C_14	Locibase	seed_locibase_locus_support	19	2plus	2f4ab1007c1b859b4c0a5e3946980e74f491b4509e74aef59f1d7c552ee119b5	Locibase:edd00e8b6b2fb91960de95f535e7ce7473aaf4291c7bda9437471a1dd569bbb5	Seed Locibase locus bridge metadata from PhageHostLearn; not Kaptive/Kleborate K/O/ST typing and not functional receptor proof.
phagehostlearn_2024_host_HGV2C_16	HGV2C_16	Locibase	seed_locibase_locus_support	16	2plus	757bf494e85512f4bca6ffadc9f292f8c1451481233565b01cbb7a8fef0691b3	Locibase:edd00e8b6b2fb91960de95f535e7ce7473aaf4291c7bda9437471a1dd569bbb5	Seed Locibase locus bridge metadata from PhageHostLearn; not Kaptive/Kleborate K/O/ST typing and not functional receptor proof.
phagehostlearn_2024_host_HGV2C_17	HGV2C_17	Locibase	seed_locibase_locus_support	16	2plus	dfb46b9d42ef51312bb6b1d26eb08f19c76f432ae33be502f6916ed04fe8b7b4	Locibase:edd00e8b6b2fb91960de95f535e7ce7473aaf4291c7bda9437471a1dd569bbb5	Seed Locibase locus bridge metadata from PhageHostLearn; not Kaptive/Kleborate K/O/ST typing and not functional receptor proof.
phagehostlearn_2024_host_HGV2C_18	HGV2C_18	Locibase	seed_locibase_locus_support	20	2plus	d9e2bf6658ebdf92f233dbb2d49b74794f9182871b5891846e781fbe68b439d4	Locibase:edd00e8b6b2fb91960de95f535e7ce7473aaf4291c7bda9437471a1dd569bbb5	Seed Locibase locus bridge metadata from PhageHostLearn; not Kaptive/Kleborate K/O/ST typing and not functional receptor proof.
phagehostlearn_2024_host_HGV2C_19	HGV2C_19	Locibase	seed_locibase_locus_support	17	2plus	b7693b2ebdd4c913d44adfcbfeb52e7ed208d59ff6989d69a7767d3322984b9b	Locibase:edd00e8b6b2fb91960de95f535e7ce7473aaf4291c7bda9437471a1dd569bbb5	Seed Locibase locus bridge metadata from PhageHostLearn; not Kaptive/Kleborate K/O/ST typing and not functional receptor proof.
phagehostlearn_2024_host_HGV2C_20	HGV2C_20	Locibase	seed_locibase_locus_support	25	2plus	1806837265ca55938adc8594acca24fd8e650af64a09899285b8642cf53be030	Locibase:edd00e8b6b2fb91960de95f535e7ce7473aaf4291c7bda9437471a1dd569bbb5	Seed Locibase locus bridge metadata from PhageHostLearn; not Kaptive/Kleborate K/O/ST typing and not functional receptor proof.
phagehostlearn_2024_host_HGV2C_21	HGV2C_21	Locibase	seed_locibase_locus_support	19	2plus	08854c11b83d73d28670c51d92a9263495f6e2ec9f7e8c70e8d687ce31d6d11c	Locibase:edd00e8b6b2fb91960de95f535e7ce7473aaf4291c7bda9437471a1dd569bbb5	Seed Locibase locus bridge metadata from PhageHostLearn; not Kaptive/Kleborate K/O/ST typing and not functional receptor proof.
phagehostlearn_2024_host_HGV2C_23	HGV2C_23	Locibase	seed_locibase_locus_support	18	2plus	74e3753732da76eb9b35416e3dcab82e37880d05de452889c1aaabeabafaafa7	Locibase:edd00e8b6b2fb91960de95f535e7ce7473aaf4291c7bda9437471a1dd569bbb5	Seed Locibase locus bridge metadata from PhageHostLearn; not Kaptive/Kleborate K/O/ST typing and not functional receptor proof.
phagehostlearn_2024_host_HGV2C_28	HGV2C_28	Locibase	seed_locibase_locus_support	19	2plus	7959d76078f05f4464add643f10ab0c3c9de643719ddeb5866dee5063b9a8830	Locibase:edd00e8b6b2fb91960de95f535e7ce7473aaf4291c7bda9437471a1dd569bbb5	Seed Locibase locus bridge metadata from PhageHostLearn; not Kaptive/Kleborate K/O/ST typing and not functional receptor proof.
phagehostlearn_2024_host_HGV2C_33	HGV2C_33	Locibase	seed_locibase_locus_support	25	2plus	b42a347d97fe8f8513c09c40ab569522c1e2102a267b99e2120f988c51af3582	Locibase:edd00e8b6b2fb91960de95f535e7ce7473aaf4291c7bda9437471a1dd569bbb5	Seed Locibase locus bridge metadata from PhageHostLearn; not Kaptive/Kleborate K/O/ST typing and not functional receptor proof.
phagehostlearn_2024_host_HGV2C_34	HGV2C_34	Locibase	seed_locibase_locus_support	22	2plus	f6cee247ed4e9e2a457f91c4584ef6597b24a6962dd1b1dff0f6e8923f240b89	Locibase:edd00e8b6b2fb91960de95f535e7ce7473aaf4291c7bda9437471a1dd569bbb5	Seed Locibase locus bridge metadata from PhageHostLearn; not Kaptive/Kleborate K/O/ST typing and not functional receptor proof.
phagehostlearn_2024_host_HGV2C_36_contigs	HGV2C_36_contigs	Locibase	seed_locibase_locus_support	20	2plus	bf73380b7a5b05be08ae3b505fc1be6a6c28e83bdd5bb44538b338dc555203b4	Locibase:edd00e8b6b2fb91960de95f535e7ce7473aaf4291c7bda9437471a1dd569bbb5	Seed Locibase locus bridge metadata from PhageHostLearn; not Kaptive/Kleborate K/O/ST typing and not functional receptor proof.
phagehostlearn_2024_host_HGV2C_37	HGV2C_37	Locibase	seed_locibase_locus_support	18	2plus	643f236fb3764ba27ccba02256b99ad426daa875a8292cbcbcd9839011a35760	Locibase:edd00e8b6b2fb91960de95f535e7ce7473aaf4291c7bda9437471a1dd569bbb5	Seed Locibase locus bridge metadata from PhageHostLearn; not Kaptive/Kleborate K/O/ST typing and not functional receptor proof.
phagehostlearn_2024_host_HGV2C_39	HGV2C_39	Locibase	seed_locibase_locus_support	23	2plus	93289a6376b7889608e695c57df0c4599ec4af450b570bc2b4ac8e2cc7505df3	Locibase:edd00e8b6b2fb91960de95f535e7ce7473aaf4291c7bda9437471a1dd569bbb5	Seed Locibase locus bridge metadata from PhageHostLearn; not Kaptive/Kleborate K/O/ST typing and not functional receptor proof.
phagehostlearn_2024_host_HGV2_297	HGV2_297	Locibase	seed_locibase_locus_support	19	2plus	fa94cd6d39af1553b5422603068bab45a8c86705946d8804dda2e7b37daa717c	Locibase:edd00e8b6b2fb91960de95f535e7ce7473aaf4291c7bda9437471a1dd569bbb5	Seed Locibase locus bridge metadata from PhageHostLearn; not Kaptive/Kleborate K/O/ST typing and not functional receptor proof.
phagehostlearn_2024_host_HGV2_332	HGV2_332	Locibase	seed_locibase_locus_support	19	2plus	1bd550ebf7d68b63d647a4a49525b32ae4986ea95d67c5884e651c1d3116c1bc	Locibase:edd00e8b6b2fb91960de95f535e7ce7473aaf4291c7bda9437471a1dd569bbb5	Seed Locibase locus bridge metadata from PhageHostLearn; not Kaptive/Kleborate K/O/ST typing and not functional receptor proof.
phagehostlearn_2024_host_HGV2_341	HGV2_341	Locibase	seed_locibase_locus_support	19	2plus	d31896dd9b4bebdee9feec350a6213fade27d1a3afbca9b862b6f1b942459c45	Locibase:edd00e8b6b2fb91960de95f535e7ce7473aaf4291c7bda9437471a1dd569bbb5	Seed Locibase locus bridge metadata from PhageHostLearn; not Kaptive/Kleborate K/O/ST typing and not functional receptor proof.
phagehostlearn_2024_host_HGV2_370	HGV2_370	Locibase	seed_locibase_locus_support	19	2plus	1bd550ebf7d68b63d647a4a49525b32ae4986ea95d67c5884e651c1d3116c1bc	Locibase:edd00e8b6b2fb91960de95f535e7ce7473aaf4291c7bda9437471a1dd569bbb5	Seed Locibase locus bridge metadata from PhageHostLearn; not Kaptive/Kleborate K/O/ST typing and not functional receptor proof.
phagehostlearn_2024_host_HGV2_371	HGV2_371	Locibase	seed_locibase_locus_support	22	2plus	7219caec75fcbcbb1fb5e1bf76db74f512dfd67424e37b44804ea4a78a4af6da	Locibase:edd00e8b6b2fb91960de95f535e7ce7473aaf4291c7bda9437471a1dd569bbb5	Seed Locibase locus bridge metadata from PhageHostLearn; not Kaptive/Kleborate K/O/ST typing and not functional receptor proof.
phagehostlearn_2024_host_HGV2_379	HGV2_379	Locibase	seed_locibase_locus_support	20	2plus	ecfcee4de45895778e248c49a54cb4c447f6863440e1fe8bad3ebceb7072776a	Locibase:edd00e8b6b2fb91960de95f535e7ce7473aaf4291c7bda9437471a1dd569bbb5	Seed Locibase locus bridge metadata from PhageHostLearn; not Kaptive/Kleborate K/O/ST typing and not functional receptor proof.
phagehostlearn_2024_host_HGV2_398	HGV2_398	Locibase	seed_locibase_locus_support	18	2plus	957dc1530f68339563017a0c662ba87159710b6df0aef096d73deadfbf5f4c43	Locibase:edd00e8b6b2fb91960de95f535e7ce7473aaf4291c7bda9437471a1dd569bbb5	Seed Locibase locus bridge metadata from PhageHostLearn; not Kaptive/Kleborate K/O/ST typing and not functional receptor proof.
phagehostlearn_2024_host_HGV2_400	HGV2_400	Locibase	seed_locibase_locus_support	19	2plus	1bd550ebf7d68b63d647a4a49525b32ae4986ea95d67c5884e651c1d3116c1bc	Locibase:edd00e8b6b2fb91960de95f535e7ce7473aaf4291c7bda9437471a1dd569bbb5	Seed Locibase locus bridge metadata from PhageHostLearn; not Kaptive/Kleborate K/O/ST typing and not functional receptor proof.
phagehostlearn_2024_host_HGV2_418	HGV2_418	Locibase	seed_locibase_locus_support	17	2plus	1e1b2d8006201842df8858802795b2ccdfb5b88ea294f556b47704f2863d2ce4	Locibase:edd00e8b6b2fb91960de95f535e7ce7473aaf4291c7bda9437471a1dd569bbb5	Seed Locibase locus bridge metadata from PhageHostLearn; not Kaptive/Kleborate K/O/ST typing and not functional receptor proof.
phagehostlearn_2024_host_HGV2_429	HGV2_429	Locibase	seed_locibase_locus_support	16	2plus	494c1d06d970212b5e4594db9e944941996bcfe9c90e7f3d5526d9964e3ebc90	Locibase:edd00e8b6b2fb91960de95f535e7ce7473aaf4291c7bda9437471a1dd569bbb5	Seed Locibase locus bridge metadata from PhageHostLearn; not Kaptive/Kleborate K/O/ST typing and not functional receptor proof.
phagehostlearn_2024_host_HGV2_430	HGV2_430	Locibase	seed_locibase_locus_support	21	2plus	fae7753bd917c5a9e1aeec94e741d36cd7bd707f15ce1f00b0efe59628710947	Locibase:edd00e8b6b2fb91960de95f535e7ce7473aaf4291c7bda9437471a1dd569bbb5	Seed Locibase locus bridge metadata from PhageHostLearn; not Kaptive/Kleborate K/O/ST typing and not functional receptor proof.
phagehostlearn_2024_host_HGV2_431	HGV2_431	Locibase	seed_locibase_locus_support	18	2plus	1166ed8595796c31e4093425a07095942a3465c9fe8f0e7ad7e5bd408f5ae9a7	Locibase:edd00e8b6b2fb91960de95f535e7ce7473aaf4291c7bda9437471a1dd569bbb5	Seed Locibase locus bridge metadata from PhageHostLearn; not Kaptive/Kleborate K/O/ST typing and not functional receptor proof.
phagehostlearn_2024_host_HLF1_17	HLF1_17	Locibase	seed_locibase_locus_support	16	2plus	3fb6080c5a0b9f4855f75e88c1157dcff33845adc966d479904cac4740949aa8	Locibase:edd00e8b6b2fb91960de95f535e7ce7473aaf4291c7bda9437471a1dd569bbb5	Seed Locibase locus bridge metadata from PhageHostLearn; not Kaptive/Kleborate K/O/ST typing and not functional receptor proof.
phagehostlearn_2024_host_HLF1_40	HLF1_40	Locibase	seed_locibase_locus_support	23	2plus	47b6451d7aec4cffce22b582e1b32c3d3c36b99833080860eed9890e14aca53f	Locibase:edd00e8b6b2fb91960de95f535e7ce7473aaf4291c7bda9437471a1dd569bbb5	Seed Locibase locus bridge metadata from PhageHostLearn; not Kaptive/Kleborate K/O/ST typing and not functional receptor proof.
phagehostlearn_2024_host_HLF1_54	HLF1_54	Locibase	seed_locibase_locus_support	19	2plus	d995366cea41d371a59c9db371651fc8f70a7a5a6d8e3808612c1c1184bcc04d	Locibase:edd00e8b6b2fb91960de95f535e7ce7473aaf4291c7bda9437471a1dd569bbb5	Seed Locibase locus bridge metadata from PhageHostLearn; not Kaptive/Kleborate K/O/ST typing and not functional receptor proof.
phagehostlearn_2024_host_HLF1_68	HLF1_68	Locibase	seed_locibase_locus_support	18	2plus	cda78902385da2e7ddb08b350bc502cc87a68d05f501b497403f5705dbf3fc34	Locibase:edd00e8b6b2fb91960de95f535e7ce7473aaf4291c7bda9437471a1dd569bbb5	Seed Locibase locus bridge metadata from PhageHostLearn; not Kaptive/Kleborate K/O/ST typing and not functional receptor proof.
phagehostlearn_2024_host_KP_HGE01_003	KP_HGE01_003	Locibase	seed_locibase_locus_support	24	2plus	079e1a15a170d50d292e527c6fe9e169715ac13ef4f3c17ef8b25269f17379df	Locibase:edd00e8b6b2fb91960de95f535e7ce7473aaf4291c7bda9437471a1dd569bbb5	Seed Locibase locus bridge metadata from PhageHostLearn; not Kaptive/Kleborate K/O/ST typing and not functional receptor proof.
phagehostlearn_2024_host_KP_HGE01_004	KP_HGE01_004	Locibase	seed_locibase_locus_support	19	2plus	975499b2984c8c4513dfd4510a1f99376a53e44079d5cd752f178059e3325b36	Locibase:edd00e8b6b2fb91960de95f535e7ce7473aaf4291c7bda9437471a1dd569bbb5	Seed Locibase locus bridge metadata from PhageHostLearn; not Kaptive/Kleborate K/O/ST typing and not functional receptor proof.
phagehostlearn_2024_host_KP_HGE01_005	KP_HGE01_005	Locibase	seed_locibase_locus_support	19	2plus	1e8fa1dbccd6a4b43c57ac2c63b5334e110c3a311dc222999c94c4b706cc7766	Locibase:edd00e8b6b2fb91960de95f535e7ce7473aaf4291c7bda9437471a1dd569bbb5	Seed Locibase locus bridge metadata from PhageHostLearn; not Kaptive/Kleborate K/O/ST typing and not functional receptor proof.
phagehostlearn_2024_host_KP_HGE01_014	KP_HGE01_014	Locibase	seed_locibase_locus_support	18	2plus	1166ed8595796c31e4093425a07095942a3465c9fe8f0e7ad7e5bd408f5ae9a7	Locibase:edd00e8b6b2fb91960de95f535e7ce7473aaf4291c7bda9437471a1dd569bbb5	Seed Locibase locus bridge metadata from PhageHostLearn; not Kaptive/Kleborate K/O/ST typing and not functional receptor proof.
phagehostlearn_2024_host_KP_HGE01_017	KP_HGE01_017	Locibase	seed_locibase_locus_support	20	2plus	9a8e5a6dcfbc5bf911d3e53c8583f34f79e76074b01aacc1e8bace044a4efff3	Locibase:edd00e8b6b2fb91960de95f535e7ce7473aaf4291c7bda9437471a1dd569bbb5	Seed Locibase locus bridge metadata from PhageHostLearn; not Kaptive/Kleborate K/O/ST typing and not functional receptor proof.
phagehostlearn_2024_host_KP_HGE01_024	KP_HGE01_024	Locibase	seed_locibase_locus_support	20	2plus	e2b10c34ab94ac5e351cc40e76d9b17dff6a6236d4f6ef8e534428c6ea7eadcc	Locibase:edd00e8b6b2fb91960de95f535e7ce7473aaf4291c7bda9437471a1dd569bbb5	Seed Locibase locus bridge metadata from PhageHostLearn; not Kaptive/Kleborate K/O/ST typing and not functional receptor proof.
phagehostlearn_2024_host_KP_HGE01_025	KP_HGE01_025	Locibase	seed_locibase_locus_support	22	2plus	7219caec75fcbcbb1fb5e1bf76db74f512dfd67424e37b44804ea4a78a4af6da	Locibase:edd00e8b6b2fb91960de95f535e7ce7473aaf4291c7bda9437471a1dd569bbb5	Seed Locibase locus bridge metadata from PhageHostLearn; not Kaptive/Kleborate K/O/ST typing and not functional receptor proof.
phagehostlearn_2024_host_KP_HGE01_029	KP_HGE01_029	Locibase	seed_locibase_locus_support	19	2plus	1633f97af0f3df4d754568372b77994f2fcec20ecc516a7d52061a83853637ce	Locibase:edd00e8b6b2fb91960de95f535e7ce7473aaf4291c7bda9437471a1dd569bbb5	Seed Locibase locus bridge metadata from PhageHostLearn; not Kaptive/Kleborate K/O/ST typing and not functional receptor proof.
phagehostlearn_2024_host_KP_HGE01_039	KP_HGE01_039	Locibase	seed_locibase_locus_support	17	2plus	def2f5d59aca25a35cefd421ad50305124bc912ca10b72068e329f29db1bdacd	Locibase:edd00e8b6b2fb91960de95f535e7ce7473aaf4291c7bda9437471a1dd569bbb5	Seed Locibase locus bridge metadata from PhageHostLearn; not Kaptive/Kleborate K/O/ST typing and not functional receptor proof.
phagehostlearn_2024_host_KP_HGE01_040	KP_HGE01_040	Locibase	seed_locibase_locus_support	22	2plus	a6a01da1fb9a754977916f72da634c6e57262d578f84aa928dc93dcd0f224cca	Locibase:edd00e8b6b2fb91960de95f535e7ce7473aaf4291c7bda9437471a1dd569bbb5	Seed Locibase locus bridge metadata from PhageHostLearn; not Kaptive/Kleborate K/O/ST typing and not functional receptor proof.
phagehostlearn_2024_host_KP_HGE01_042	KP_HGE01_042	Locibase	seed_locibase_locus_support	24	2plus	a4e2144d2b4cca1979459368d58e89e15be3184a24b4975f37682849399092f6	Locibase:edd00e8b6b2fb91960de95f535e7ce7473aaf4291c7bda9437471a1dd569bbb5	Seed Locibase locus bridge metadata from PhageHostLearn; not Kaptive/Kleborate K/O/ST typing and not functional receptor proof.
phagehostlearn_2024_host_KP_HGE01_044	KP_HGE01_044	Locibase	seed_locibase_locus_support	22	2plus	a6a01da1fb9a754977916f72da634c6e57262d578f84aa928dc93dcd0f224cca	Locibase:edd00e8b6b2fb91960de95f535e7ce7473aaf4291c7bda9437471a1dd569bbb5	Seed Locibase locus bridge metadata from PhageHostLearn; not Kaptive/Kleborate K/O/ST typing and not functional receptor proof.
phagehostlearn_2024_host_KP_HGE01_045	KP_HGE01_045	Locibase	seed_locibase_locus_support	20	2plus	f980f41a1aa807dec07c48653d1ac9c02cdb0d73e415c5c7acbc0e345f0aac6d	Locibase:edd00e8b6b2fb91960de95f535e7ce7473aaf4291c7bda9437471a1dd569bbb5	Seed Locibase locus bridge metadata from PhageHostLearn; not Kaptive/Kleborate K/O/ST typing and not functional receptor proof.
phagehostlearn_2024_host_KP_HGUA02_051	KP_HGUA02_051	Locibase	seed_locibase_locus_support	17	2plus	56195f235fe4c1f66e7615caf4f6ccc9bbc8f952085b9c126363b0bb3ddf02f7	Locibase:edd00e8b6b2fb91960de95f535e7ce7473aaf4291c7bda9437471a1dd569bbb5	Seed Locibase locus bridge metadata from PhageHostLearn; not Kaptive/Kleborate K/O/ST typing and not functional receptor proof.
phagehostlearn_2024_host_KP_HGUA02_054	KP_HGUA02_054	Locibase	seed_locibase_locus_support	20	2plus	bb8f25abadd6f94e22e63ab77f445e497c31e32fe19d00c08f0c6fe0acbe74fd	Locibase:edd00e8b6b2fb91960de95f535e7ce7473aaf4291c7bda9437471a1dd569bbb5	Seed Locibase locus bridge metadata from PhageHostLearn; not Kaptive/Kleborate K/O/ST typing and not functional receptor proof.
phagehostlearn_2024_host_KP_HGUA02_055	KP_HGUA02_055	Locibase	seed_locibase_locus_support	19	2plus	0b4040012558a034d34a3924386ccdc8a4f087a1ea124f2bb4c7196a136c1026	Locibase:edd00e8b6b2fb91960de95f535e7ce7473aaf4291c7bda9437471a1dd569bbb5	Seed Locibase locus bridge metadata from PhageHostLearn; not Kaptive/Kleborate K/O/ST typing and not functional receptor proof.
phagehostlearn_2024_host_KP_HGUA02_059	KP_HGUA02_059	Locibase	seed_locibase_locus_support	19	2plus	8a83b3cf26d3b69a858282e935283f5eb02f68c84dc02acd4dd37c14f8e13d6a	Locibase:edd00e8b6b2fb91960de95f535e7ce7473aaf4291c7bda9437471a1dd569bbb5	Seed Locibase locus bridge metadata from PhageHostLearn; not Kaptive/Kleborate K/O/ST typing and not functional receptor proof.
phagehostlearn_2024_host_KP_HGUA02_064	KP_HGUA02_064	Locibase	seed_locibase_locus_support	20	2plus	2d16ec1a194810715ffb3612d16ed1ae0a435f26fc4c04b4b62056aec4fcb96a	Locibase:edd00e8b6b2fb91960de95f535e7ce7473aaf4291c7bda9437471a1dd569bbb5	Seed Locibase locus bridge metadata from PhageHostLearn; not Kaptive/Kleborate K/O/ST typing and not functional receptor proof.
phagehostlearn_2024_host_KP_HGUA02_066	KP_HGUA02_066	Locibase	seed_locibase_locus_support	19	2plus	fa41cd323a1568b26ce13f28e1aff30227afa7299e502cc6671ef8c4fd74e35b	Locibase:edd00e8b6b2fb91960de95f535e7ce7473aaf4291c7bda9437471a1dd569bbb5	Seed Locibase locus bridge metadata from PhageHostLearn; not Kaptive/Kleborate K/O/ST typing and not functional receptor proof.
phagehostlearn_2024_host_KP_HGUA02_068	KP_HGUA02_068	Locibase	seed_locibase_locus_support	20	2plus	f61422ded3780c277da24233f3947f7777a6060c2382435db1a74e3d10f5af33	Locibase:edd00e8b6b2fb91960de95f535e7ce7473aaf4291c7bda9437471a1dd569bbb5	Seed Locibase locus bridge metadata from PhageHostLearn; not Kaptive/Kleborate K/O/ST typing and not functional receptor proof.
phagehostlearn_2024_host_KP_HGUA02_071	KP_HGUA02_071	Locibase	seed_locibase_locus_support	16	2plus	e8753b8e04a4d737fc3798eae879295a8d26283d98fbfb7a93486801e5a05f22	Locibase:edd00e8b6b2fb91960de95f535e7ce7473aaf4291c7bda9437471a1dd569bbb5	Seed Locibase locus bridge metadata from PhageHostLearn; not Kaptive/Kleborate K/O/ST typing and not functional receptor proof.
phagehostlearn_2024_host_KP_HGUA02_073	KP_HGUA02_073	Locibase	seed_locibase_locus_support	23	2plus	c0e5a33c059af3cdfa6874d9eb457f7d53025cb3e858ce7a5f997ae6064dbdab	Locibase:edd00e8b6b2fb91960de95f535e7ce7473aaf4291c7bda9437471a1dd569bbb5	Seed Locibase locus bridge metadata from PhageHostLearn; not Kaptive/Kleborate K/O/ST typing and not functional receptor proof.
phagehostlearn_2024_host_KP_HGUA02_074	KP_HGUA02_074	Locibase	seed_locibase_locus_support	18	2plus	28c39d435e4754597dd1040a93555d72238ed9e4f65ca707798cb3875182f8a5	Locibase:edd00e8b6b2fb91960de95f535e7ce7473aaf4291c7bda9437471a1dd569bbb5	Seed Locibase locus bridge metadata from PhageHostLearn; not Kaptive/Kleborate K/O/ST typing and not functional receptor proof.
phagehostlearn_2024_host_KP_HGUA02_089	KP_HGUA02_089	Locibase	seed_locibase_locus_support	20	2plus	ddb6ccadf5c225d4441dff5f9731a5d7c4794b5c66bb373ef17447e9299bd739	Locibase:edd00e8b6b2fb91960de95f535e7ce7473aaf4291c7bda9437471a1dd569bbb5	Seed Locibase locus bridge metadata from PhageHostLearn; not Kaptive/Kleborate K/O/ST typing and not functional receptor proof.
phagehostlearn_2024_host_KP_HGUA02_092	KP_HGUA02_092	Locibase	seed_locibase_locus_support	18	2plus	c53665367298cfac595d19e9f2256bee7b611b67fc52f7f90bd5d1778f1a4536	Locibase:edd00e8b6b2fb91960de95f535e7ce7473aaf4291c7bda9437471a1dd569bbb5	Seed Locibase locus bridge metadata from PhageHostLearn; not Kaptive/Kleborate K/O/ST typing and not functional receptor proof.
phagehostlearn_2024_host_KP_HGUA02_099	KP_HGUA02_099	Locibase	seed_locibase_locus_support	21	2plus	198edef34ce747239fad9164a4efb6c4b95356203184c54397de0080d372df26	Locibase:edd00e8b6b2fb91960de95f535e7ce7473aaf4291c7bda9437471a1dd569bbb5	Seed Locibase locus bridge metadata from PhageHostLearn; not Kaptive/Kleborate K/O/ST typing and not functional receptor proof.
phagehostlearn_2024_host_KP_HGUA03_108	KP_HGUA03_108	Locibase	seed_locibase_locus_support	19	2plus	c2bfd3c4874c220c53dfc0afe3384de54c99806c89986341de28e8799fce0e3f	Locibase:edd00e8b6b2fb91960de95f535e7ce7473aaf4291c7bda9437471a1dd569bbb5	Seed Locibase locus bridge metadata from PhageHostLearn; not Kaptive/Kleborate K/O/ST typing and not functional receptor proof.
phagehostlearn_2024_host_KP_HGUA03_117	KP_HGUA03_117	Locibase	seed_locibase_locus_support	22	2plus	3ed6fc5fb7c32ebb5e761e853528753343a3454ba73583b5af9ed7a4cdfb49c8	Locibase:edd00e8b6b2fb91960de95f535e7ce7473aaf4291c7bda9437471a1dd569bbb5	Seed Locibase locus bridge metadata from PhageHostLearn; not Kaptive/Kleborate K/O/ST typing and not functional receptor proof.
phagehostlearn_2024_host_KP_HGUA03_124	KP_HGUA03_124	Locibase	seed_locibase_locus_support	14	2plus	7daa9967c97c4baf478bd754f95238eb816cd4ab7b483c16a91c57ab138f4f42	Locibase:edd00e8b6b2fb91960de95f535e7ce7473aaf4291c7bda9437471a1dd569bbb5	Seed Locibase locus bridge metadata from PhageHostLearn; not Kaptive/Kleborate K/O/ST typing and not functional receptor proof.
phagehostlearn_2024_host_KP_HGUA03_147	KP_HGUA03_147	Locibase	seed_locibase_locus_support	20	2plus	68add7d165e4a0dd9a072b4fa9c658d3c97e261a80f039de2b63059bf16d6589	Locibase:edd00e8b6b2fb91960de95f535e7ce7473aaf4291c7bda9437471a1dd569bbb5	Seed Locibase locus bridge metadata from PhageHostLearn; not Kaptive/Kleborate K/O/ST typing and not functional receptor proof.
phagehostlearn_2024_host_Kpcas024	Kpcas024	Locibase	seed_locibase_locus_support	20	2plus	6f395642edf3e3895666c31f9fe5da66220506804b10ad7c7093c9f24b1d7def	Locibase:edd00e8b6b2fb91960de95f535e7ce7473aaf4291c7bda9437471a1dd569bbb5	Seed Locibase locus bridge metadata from PhageHostLearn; not Kaptive/Kleborate K/O/ST typing and not functional receptor proof.
phagehostlearn_2024_host_Kpcas027	Kpcas027	Locibase	seed_locibase_locus_support	20	2plus	3adaa64481262eed5d147058dc71b773621396f519112eb169378faef28e52b2	Locibase:edd00e8b6b2fb91960de95f535e7ce7473aaf4291c7bda9437471a1dd569bbb5	Seed Locibase locus bridge metadata from PhageHostLearn; not Kaptive/Kleborate K/O/ST typing and not functional receptor proof.
phagehostlearn_2024_host_Kpcas039	Kpcas039	Locibase	seed_locibase_locus_support	22	2plus	6eef1829d4254a174c8be6fd6a6253eab811e5de860d4f49a5d02895ed68fb7e	Locibase:edd00e8b6b2fb91960de95f535e7ce7473aaf4291c7bda9437471a1dd569bbb5	Seed Locibase locus bridge metadata from PhageHostLearn; not Kaptive/Kleborate K/O/ST typing and not functional receptor proof.
phagehostlearn_2024_host_Kpcas042	Kpcas042	Locibase	seed_locibase_locus_support	21	2plus	5974965cf08103302e1ce1613a4bfd32dd6ee743613e2d15952e730b59989bf6	Locibase:edd00e8b6b2fb91960de95f535e7ce7473aaf4291c7bda9437471a1dd569bbb5	Seed Locibase locus bridge metadata from PhageHostLearn; not Kaptive/Kleborate K/O/ST typing and not functional receptor proof.
phagehostlearn_2024_host_Kpcas048	Kpcas048	Locibase	seed_locibase_locus_support	19	2plus	0cb557c0127c817bd1112c19d0b60de35a3c8c2ed05e09170043f3ec13d19b2a	Locibase:edd00e8b6b2fb91960de95f535e7ce7473aaf4291c7bda9437471a1dd569bbb5	Seed Locibase locus bridge metadata from PhageHostLearn; not Kaptive/Kleborate K/O/ST typing and not functional receptor proof.
phagehostlearn_2024_host_Kpcas054	Kpcas054	Locibase	seed_locibase_locus_support	22	2plus	6eef1829d4254a174c8be6fd6a6253eab811e5de860d4f49a5d02895ed68fb7e	Locibase:edd00e8b6b2fb91960de95f535e7ce7473aaf4291c7bda9437471a1dd569bbb5	Seed Locibase locus bridge metadata from PhageHostLearn; not Kaptive/Kleborate K/O/ST typing and not functional receptor proof.
phagehostlearn_2024_host_Kpcas083	Kpcas083	Locibase	seed_locibase_locus_support	18	2plus	3d1bcfda60a491926a7eb63974ac7b90c9b49137a57cda25dc9f32f7d06ed942	Locibase:edd00e8b6b2fb91960de95f535e7ce7473aaf4291c7bda9437471a1dd569bbb5	Seed Locibase locus bridge metadata from PhageHostLearn; not Kaptive/Kleborate K/O/ST typing and not functional receptor proof.
phagehostlearn_2024_host_Kpcas091	Kpcas091	Locibase	seed_locibase_locus_support	16	2plus	245621c61ca3c00bba4d29251a74876c03f0f007166692e2a29a8c5f59e05cb2	Locibase:edd00e8b6b2fb91960de95f535e7ce7473aaf4291c7bda9437471a1dd569bbb5	Seed Locibase locus bridge metadata from PhageHostLearn; not Kaptive/Kleborate K/O/ST typing and not functional receptor proof.
phagehostlearn_2024_host_Kpcas111	Kpcas111	Locibase	seed_locibase_locus_support	20	2plus	1a5d0531772528ef8abe47ac0edb7e501548b980b130f5b29bc23a705a17295a	Locibase:edd00e8b6b2fb91960de95f535e7ce7473aaf4291c7bda9437471a1dd569bbb5	Seed Locibase locus bridge metadata from PhageHostLearn; not Kaptive/Kleborate K/O/ST typing and not functional receptor proof.
phagehostlearn_2024_host_Moliner_02	Moliner_02	Locibase	seed_locibase_locus_support	19	2plus	1a1615fe5cd05bd3241206d58298d0ecf7a11c94c14d8e31cf78925f7d860124	Locibase:edd00e8b6b2fb91960de95f535e7ce7473aaf4291c7bda9437471a1dd569bbb5	Seed Locibase locus bridge metadata from PhageHostLearn; not Kaptive/Kleborate K/O/ST typing and not functional receptor proof.
phagehostlearn_2024_host_Moliner_03	Moliner_03	Locibase	seed_locibase_locus_support	16	2plus	bef01581381c1b84fdb4dd59a6a69b255a5d4146a903c0f3ac10b0da7592cad4	Locibase:edd00e8b6b2fb91960de95f535e7ce7473aaf4291c7bda9437471a1dd569bbb5	Seed Locibase locus bridge metadata from PhageHostLearn; not Kaptive/Kleborate K/O/ST typing and not functional receptor proof.
phagehostlearn_2024_host_Moliner_08	Moliner_08	Locibase	seed_locibase_locus_support	19	2plus	4109d191f80df0aef99ec1795f51f7fd797d95724c772a4364819d2fbc65bfb3	Locibase:edd00e8b6b2fb91960de95f535e7ce7473aaf4291c7bda9437471a1dd569bbb5	Seed Locibase locus bridge metadata from PhageHostLearn; not Kaptive/Kleborate K/O/ST typing and not functional receptor proof.
phagehostlearn_2024_host_NTUH	NTUH	Locibase	seed_locibase_locus_support	20	2plus	ecb41d9e5f148bb3cbf485331301baa3f82971ce48463532bb00bec222bd1161	Locibase:edd00e8b6b2fb91960de95f535e7ce7473aaf4291c7bda9437471a1dd569bbb5	Seed Locibase locus bridge metadata from PhageHostLearn; not Kaptive/Kleborate K/O/ST typing and not functional receptor proof.
phagehostlearn_2024_host_sampleK3	sampleK3	Locibase	seed_locibase_locus_support	19	2plus	30978744572e876fd9dfb30178f86884100030eaede15b2433b66d7cb12ce50f	Locibase:edd00e8b6b2fb91960de95f535e7ce7473aaf4291c7bda9437471a1dd569bbb5	Seed Locibase locus bridge metadata from PhageHostLearn; not Kaptive/Kleborate K/O/ST typing and not functional receptor proof.
phagehostlearn_2024_host_sampleK4	sampleK4	Locibase	seed_locibase_locus_support	24	2plus	120c1ca69491cea32e44ec12b86e04c50d2f653fe1dadfebd24cf69369efb26f	Locibase:edd00e8b6b2fb91960de95f535e7ce7473aaf4291c7bda9437471a1dd569bbb5	Seed Locibase locus bridge metadata from PhageHostLearn; not Kaptive/Kleborate K/O/ST typing and not functional receptor proof.
