source_id	canonical_id	review_status	notes
102KP-HG	phagehostlearn_2024_host_102KP-HG	reviewed	generated_from=phagehostlearn_2024; entity_type=host; review_status_controls_assay_import; canonical entity row generated in review-filtered PhageHostLearn source export; review_basis=source_identity_reviewed_against_host_archive_member; review_scope=source_identity_only
1210	phagehostlearn_2024_host_1210	reviewed	generated_from=phagehostlearn_2024; entity_type=host; review_status_controls_assay_import; canonical entity row generated in review-filtered PhageHostLearn source export; review_basis=source_identity_reviewed_against_host_archive_member; review_scope=source_identity_only
132	phagehostlearn_2024_host_132	reviewed	generated_from=phagehostlearn_2024; entity_type=host; review_status_controls_assay_import; canonical entity row generated in review-filtered PhageHostLearn source export; review_basis=source_identity_reviewed_against_host_archive_member; review_scope=source_identity_only
1446	phagehostlearn_2024_host_1446	reviewed	generated_from=phagehostlearn_2024; entity_type=host; review_status_controls_assay_import; canonical entity row generated in review-filtered PhageHostLearn source export; review_basis=source_identity_reviewed_against_host_archive_member; review_scope=source_identity_only
1468	phagehostlearn_2024_host_1468	reviewed	generated_from=phagehostlearn_2024; entity_type=host; review_status_controls_assay_import; canonical entity row generated in review-filtered PhageHostLearn source export; review_basis=source_identity_reviewed_against_host_archive_member; review_scope=source_identity_only
156KP-HG	phagehostlearn_2024_host_156KP-HG	reviewed	generated_from=phagehostlearn_2024; entity_type=host; review_status_controls_assay_import; canonical entity row generated in review-filtered PhageHostLearn source export; review_basis=source_identity_reviewed_against_host_archive_member; review_scope=source_identity_only
1572	phagehostlearn_2024_host_1572	reviewed	generated_from=phagehostlearn_2024; entity_type=host; review_status_controls_assay_import; canonical entity row generated in review-filtered PhageHostLearn source export; review_basis=source_identity_reviewed_against_host_archive_member; review_scope=source_identity_only
159KP-HG	phagehostlearn_2024_host_159KP-HG	reviewed	generated_from=phagehostlearn_2024; entity_type=host; review_status_controls_assay_import; canonical entity row generated in review-filtered PhageHostLearn source export; review_basis=source_identity_reviewed_against_host_archive_member; review_scope=source_identity_only
191KP-HG	phagehostlearn_2024_host_191KP-HG	reviewed	generated_from=phagehostlearn_2024; entity_type=host; review_status_controls_assay_import; canonical entity row generated in review-filtered PhageHostLearn source export; review_basis=source_identity_reviewed_against_host_archive_member; review_scope=source_identity_only
201KP-HG	phagehostlearn_2024_host_201KP-HG	reviewed	generated_from=phagehostlearn_2024; entity_type=host; review_status_controls_assay_import; canonical entity row generated in review-filtered PhageHostLearn source export; review_basis=source_identity_reviewed_against_host_archive_member; review_scope=source_identity_only
205KP-HG	phagehostlearn_2024_host_205KP-HG	reviewed	generated_from=phagehostlearn_2024; entity_type=host; review_status_controls_assay_import; canonical entity row generated in review-filtered PhageHostLearn source export; review_basis=source_identity_reviewed_against_host_archive_member; review_scope=source_identity_only
2164	phagehostlearn_2024_host_2164	reviewed	generated_from=phagehostlearn_2024; entity_type=host; review_status_controls_assay_import; canonical entity row generated in review-filtered PhageHostLearn source export; review_basis=source_identity_reviewed_against_host_archive_member; review_scope=source_identity_only
218KP-HG	phagehostlearn_2024_host_218KP-HG	reviewed	generated_from=phagehostlearn_2024; entity_type=host; review_status_controls_assay_import; canonical entity row generated in review-filtered PhageHostLearn source export; review_basis=source_identity_reviewed_against_host_archive_member; review_scope=source_identity_only
225KP-HG	phagehostlearn_2024_host_225KP-HG	reviewed	generated_from=phagehostlearn_2024; entity_type=host; review_status_controls_assay_import; canonical entity row generated in review-filtered PhageHostLearn source export; review_basis=source_identity_reviewed_against_host_archive_member; review_scope=source_identity_only
228	phagehostlearn_2024_host_228	reviewed	generated_from=phagehostlearn_2024; entity_type=host; review_status_controls_assay_import; canonical entity row generated in review-filtered PhageHostLearn source export; review_basis=source_identity_reviewed_against_host_archive_member; review_scope=source_identity_only
234KP-HG	phagehostlearn_2024_host_234KP-HG	reviewed	generated_from=phagehostlearn_2024; entity_type=host; review_status_controls_assay_import; canonical entity row generated in review-filtered PhageHostLearn source export; review_basis=source_identity_reviewed_against_host_archive_member; review_scope=source_identity_only
242KP-HG	phagehostlearn_2024_host_242KP-HG	reviewed	generated_from=phagehostlearn_2024; entity_type=host; review_status_controls_assay_import; canonical entity row generated in review-filtered PhageHostLearn source export; review_basis=source_identity_reviewed_against_host_archive_member; review_scope=source_identity_only
245	phagehostlearn_2024_host_245	reviewed	generated_from=phagehostlearn_2024; entity_type=host; review_status_controls_assay_import; canonical entity row generated in review-filtered PhageHostLearn source export; review_basis=source_identity_reviewed_against_host_archive_member; review_scope=source_identity_only
255KP-HG	phagehostlearn_2024_host_255KP-HG	reviewed	generated_from=phagehostlearn_2024; entity_type=host; review_status_controls_assay_import; canonical entity row generated in review-filtered PhageHostLearn source export; review_basis=source_identity_reviewed_against_host_archive_member; review_scope=source_identity_only
268KP-HG	phagehostlearn_2024_host_268KP-HG	reviewed	generated_from=phagehostlearn_2024; entity_type=host; review_status_controls_assay_import; canonical entity row generated in review-filtered PhageHostLearn source export; review_basis=source_identity_reviewed_against_host_archive_member; review_scope=source_identity_only
33KP-HG	phagehostlearn_2024_host_33KP-HG	reviewed	generated_from=phagehostlearn_2024; entity_type=host; review_status_controls_assay_import; canonical entity row generated in review-filtered PhageHostLearn source export; review_basis=source_identity_reviewed_against_host_archive_member; review_scope=source_identity_only
34KP-HG	phagehostlearn_2024_host_34KP-HG	reviewed	generated_from=phagehostlearn_2024; entity_type=host; review_status_controls_assay_import; canonical entity row generated in review-filtered PhageHostLearn source export; review_basis=source_identity_reviewed_against_host_archive_member; review_scope=source_identity_only
406	phagehostlearn_2024_host_406	reviewed	generated_from=phagehostlearn_2024; entity_type=host; review_status_controls_assay_import; canonical entity row generated in review-filtered PhageHostLearn source export; review_basis=source_identity_reviewed_against_host_archive_member; review_scope=source_identity_only
42KP-HG	phagehostlearn_2024_host_42KP-HG	reviewed	generated_from=phagehostlearn_2024; entity_type=host; review_status_controls_assay_import; canonical entity row generated in review-filtered PhageHostLearn source export; review_basis=source_identity_reviewed_against_host_archive_member; review_scope=source_identity_only
48KP-HG	phagehostlearn_2024_host_48KP-HG	reviewed	generated_from=phagehostlearn_2024; entity_type=host; review_status_controls_assay_import; canonical entity row generated in review-filtered PhageHostLearn source export; review_basis=source_identity_reviewed_against_host_archive_member; review_scope=source_identity_only
52KP-HG	phagehostlearn_2024_host_52KP-HG	reviewed	generated_from=phagehostlearn_2024; entity_type=host; review_status_controls_assay_import; canonical entity row generated in review-filtered PhageHostLearn source export; review_basis=source_identity_reviewed_against_host_archive_member; review_scope=source_identity_only
62KP-HG	phagehostlearn_2024_host_62KP-HG	reviewed	generated_from=phagehostlearn_2024; entity_type=host; review_status_controls_assay_import; canonical entity row generated in review-filtered PhageHostLearn source export; review_basis=source_identity_reviewed_against_host_archive_member; review_scope=source_identity_only
779	phagehostlearn_2024_host_779	reviewed	generated_from=phagehostlearn_2024; entity_type=host; review_status_controls_assay_import; canonical entity row generated in review-filtered PhageHostLearn source export; review_basis=source_identity_reviewed_against_host_archive_member; review_scope=source_identity_only
806	phagehostlearn_2024_host_806	reviewed	generated_from=phagehostlearn_2024; entity_type=host; review_status_controls_assay_import; canonical entity row generated in review-filtered PhageHostLearn source export; review_basis=source_identity_reviewed_against_host_archive_member; review_scope=source_identity_only
CU276	phagehostlearn_2024_host_CU276	reviewed	generated_from=phagehostlearn_2024; entity_type=host; review_status_controls_assay_import; canonical entity row generated in review-filtered PhageHostLearn source export; review_basis=source_identity_reviewed_against_host_archive_member; review_scope=source_identity_only
CU293	phagehostlearn_2024_host_CU293	reviewed	generated_from=phagehostlearn_2024; entity_type=host; review_status_controls_assay_import; canonical entity row generated in review-filtered PhageHostLearn source export; review_basis=source_identity_reviewed_against_host_archive_member; review_scope=source_identity_only
CU371	phagehostlearn_2024_host_CU371	reviewed	generated_from=phagehostlearn_2024; entity_type=host; review_status_controls_assay_import; canonical entity row generated in review-filtered PhageHostLearn source export; review_basis=source_identity_reviewed_against_host_archive_member; review_scope=source_identity_only
CU402	phagehostlearn_2024_host_CU402	reviewed	generated_from=phagehostlearn_2024; entity_type=host; review_status_controls_assay_import; canonical entity row generated in review-filtered PhageHostLearn source export; review_basis=source_identity_reviewed_against_host_archive_member; review_scope=source_identity_only
CU406	phagehostlearn_2024_host_CU406	reviewed	generated_from=phagehostlearn_2024; entity_type=host; review_status_controls_assay_import; canonical entity row generated in review-filtered PhageHostLearn source export; review_basis=source_identity_reviewed_against_host_archive_member; review_scope=source_identity_only
CU443	phagehostlearn_2024_host_CU443	reviewed	generated_from=phagehostlearn_2024; entity_type=host; review_status_controls_assay_import; canonical entity row generated in review-filtered PhageHostLearn source export; review_basis=source_identity_reviewed_against_host_archive_member; review_scope=source_identity_only
CU448	phagehostlearn_2024_host_CU448	reviewed	generated_from=phagehostlearn_2024; entity_type=host; review_status_controls_assay_import; canonical entity row generated in review-filtered PhageHostLearn source export; review_basis=source_identity_reviewed_against_host_archive_member; review_scope=source_identity_only
CU451	phagehostlearn_2024_host_CU451	reviewed	generated_from=phagehostlearn_2024; entity_type=host; review_status_controls_assay_import; canonical entity row generated in review-filtered PhageHostLearn source export; review_basis=source_identity_reviewed_against_host_archive_member; review_scope=source_identity_only
CU494	phagehostlearn_2024_host_CU494	reviewed	generated_from=phagehostlearn_2024; entity_type=host; review_status_controls_assay_import; canonical entity row generated in review-filtered PhageHostLearn source export; review_basis=source_identity_reviewed_against_host_archive_member; review_scope=source_identity_only
CU503	phagehostlearn_2024_host_CU503	reviewed	generated_from=phagehostlearn_2024; entity_type=host; review_status_controls_assay_import; canonical entity row generated in review-filtered PhageHostLearn source export; review_basis=source_identity_reviewed_against_host_archive_member; review_scope=source_identity_only
ERS523587	phagehostlearn_2024_host_ERS523587	reviewed	generated_from=phagehostlearn_2024; entity_type=host; review_status_controls_assay_import; canonical entity row generated in review-filtered PhageHostLearn source export; review_basis=source_identity_reviewed_against_host_archive_member; review_scope=source_identity_only
ERS523588	phagehostlearn_2024_host_ERS523588	reviewed	generated_from=phagehostlearn_2024; entity_type=host; review_status_controls_assay_import; canonical entity row generated in review-filtered PhageHostLearn source export; review_basis=source_identity_reviewed_against_host_archive_member; review_scope=source_identity_only
ERS523589	phagehostlearn_2024_host_ERS523589	reviewed	generated_from=phagehostlearn_2024; entity_type=host; review_status_controls_assay_import; canonical entity row generated in review-filtered PhageHostLearn source export; review_basis=source_identity_reviewed_against_host_archive_member; review_scope=source_identity_only
ERS659571	phagehostlearn_2024_host_ERS659571	reviewed	generated_from=phagehostlearn_2024; entity_type=host; review_status_controls_assay_import; canonical entity row generated in review-filtered PhageHostLearn source export; review_basis=source_identity_reviewed_against_host_archive_member; review_scope=source_identity_only
ERS659577	phagehostlearn_2024_host_ERS659577	reviewed	generated_from=phagehostlearn_2024; entity_type=host; review_status_controls_assay_import; canonical entity row generated in review-filtered PhageHostLearn source export; review_basis=source_identity_reviewed_against_host_archive_member; review_scope=source_identity_only
ERS659578	phagehostlearn_2024_host_ERS659578	reviewed	generated_from=phagehostlearn_2024; entity_type=host; review_status_controls_assay_import; canonical entity row generated in review-filtered PhageHostLearn source export; review_basis=source_identity_reviewed_against_host_archive_member; review_scope=source_identity_only
ERS659579	phagehostlearn_2024_host_ERS659579	reviewed	generated_from=phagehostlearn_2024; entity_type=host; review_status_controls_assay_import; canonical entity row generated in review-filtered PhageHostLearn source export; review_basis=source_identity_reviewed_against_host_archive_member; review_scope=source_identity_only
ERS659580	phagehostlearn_2024_host_ERS659580	reviewed	generated_from=phagehostlearn_2024; entity_type=host; review_status_controls_assay_import; canonical entity row generated in review-filtered PhageHostLearn source export; review_basis=source_identity_reviewed_against_host_archive_member; review_scope=source_identity_only
ERS659581	phagehostlearn_2024_host_ERS659581	reviewed	generated_from=phagehostlearn_2024; entity_type=host; review_status_controls_assay_import; canonical entity row generated in review-filtered PhageHostLearn source export; review_basis=source_identity_reviewed_against_host_archive_member; review_scope=source_identity_only
ERS685293	phagehostlearn_2024_host_ERS685293	reviewed	generated_from=phagehostlearn_2024; entity_type=host; review_status_controls_assay_import; canonical entity row generated in review-filtered PhageHostLearn source export; review_basis=source_identity_reviewed_against_host_archive_member; review_scope=source_identity_only
ERS685294	phagehostlearn_2024_host_ERS685294	reviewed	generated_from=phagehostlearn_2024; entity_type=host; review_status_controls_assay_import; canonical entity row generated in review-filtered PhageHostLearn source export; review_basis=source_identity_reviewed_against_host_archive_member; review_scope=source_identity_only
ERS685295	phagehostlearn_2024_host_ERS685295	reviewed	generated_from=phagehostlearn_2024; entity_type=host; review_status_controls_assay_import; canonical entity row generated in review-filtered PhageHostLearn source export; review_basis=source_identity_reviewed_against_host_archive_member; review_scope=source_identity_only
ERS686706	phagehostlearn_2024_host_ERS686706	reviewed	generated_from=phagehostlearn_2024; entity_type=host; review_status_controls_assay_import; canonical entity row generated in review-filtered PhageHostLearn source export; review_basis=source_identity_reviewed_against_host_archive_member; review_scope=source_identity_only
ERS686707	phagehostlearn_2024_host_ERS686707	reviewed	generated_from=phagehostlearn_2024; entity_type=host; review_status_controls_assay_import; canonical entity row generated in review-filtered PhageHostLearn source export; review_basis=source_identity_reviewed_against_host_archive_member; review_scope=source_identity_only
ERS686708	phagehostlearn_2024_host_ERS686708	reviewed	generated_from=phagehostlearn_2024; entity_type=host; review_status_controls_assay_import; canonical entity row generated in review-filtered PhageHostLearn source export; review_basis=source_identity_reviewed_against_host_archive_member; review_scope=source_identity_only
ERS686709	phagehostlearn_2024_host_ERS686709	reviewed	generated_from=phagehostlearn_2024; entity_type=host; review_status_controls_assay_import; canonical entity row generated in review-filtered PhageHostLearn source export; review_basis=source_identity_reviewed_against_host_archive_member; review_scope=source_identity_only
ERS686710	phagehostlearn_2024_host_ERS686710	reviewed	generated_from=phagehostlearn_2024; entity_type=host; review_status_controls_assay_import; canonical entity row generated in review-filtered PhageHostLearn source export; review_basis=source_identity_reviewed_against_host_archive_member; review_scope=source_identity_only
ERS686711	phagehostlearn_2024_host_ERS686711	reviewed	generated_from=phagehostlearn_2024; entity_type=host; review_status_controls_assay_import; canonical entity row generated in review-filtered PhageHostLearn source export; review_basis=source_identity_reviewed_against_host_archive_member; review_scope=source_identity_only
ERS701896	phagehostlearn_2024_host_ERS701896	reviewed	generated_from=phagehostlearn_2024; entity_type=host; review_status_controls_assay_import; canonical entity row generated in review-filtered PhageHostLearn source export; review_basis=source_identity_reviewed_against_host_archive_member; review_scope=source_identity_only
ERS702127	phagehostlearn_2024_host_ERS702127	reviewed	generated_from=phagehostlearn_2024; entity_type=host; review_status_controls_assay_import; canonical entity row generated in review-filtered PhageHostLearn source export; review_basis=source_identity_reviewed_against_host_archive_member; review_scope=source_identity_only
ERS702128	phagehostlearn_2024_host_ERS702128	reviewed	generated_from=phagehostlearn_2024; entity_type=host; review_status_controls_assay_import; canonical entity row generated in review-filtered PhageHostLearn source export; review_basis=source_identity_reviewed_against_host_archive_member; review_scope=source_identity_only
ERS702129	phagehostlearn_2024_host_ERS702129	reviewed	generated_from=phagehostlearn_2024; entity_type=host; review_status_controls_assay_import; canonical entity row generated in review-filtered PhageHostLearn source export; review_basis=source_identity_reviewed_against_host_archive_member; review_scope=source_identity_only
ERS702130	phagehostlearn_2024_host_ERS702130	reviewed	generated_from=phagehostlearn_2024; entity_type=host; review_status_controls_assay_import; canonical entity row generated in review-filtered PhageHostLearn source export; review_basis=source_identity_reviewed_against_host_archive_member; review_scope=source_identity_only
ERS702131	phagehostlearn_2024_host_ERS702131	reviewed	generated_from=phagehostlearn_2024; entity_type=host; review_status_controls_assay_import; canonical entity row generated in review-filtered PhageHostLearn source export; review_basis=source_identity_reviewed_against_host_archive_member; review_scope=source_identity_only
ERS702132	phagehostlearn_2024_host_ERS702132	reviewed	generated_from=phagehostlearn_2024; entity_type=host; review_status_controls_assay_import; canonical entity row generated in review-filtered PhageHostLearn source export; review_basis=source_identity_reviewed_against_host_archive_member; review_scope=source_identity_only
ERS702133	phagehostlearn_2024_host_ERS702133	reviewed	generated_from=phagehostlearn_2024; entity_type=host; review_status_controls_assay_import; canonical entity row generated in review-filtered PhageHostLearn source export; review_basis=source_identity_reviewed_against_host_archive_member; review_scope=source_identity_only
ERS706552	phagehostlearn_2024_host_ERS706552	reviewed	generated_from=phagehostlearn_2024; entity_type=host; review_status_controls_assay_import; canonical entity row generated in review-filtered PhageHostLearn source export; review_basis=source_identity_reviewed_against_host_archive_member; review_scope=source_identity_only
ERS706553	phagehostlearn_2024_host_ERS706553	reviewed	generated_from=phagehostlearn_2024; entity_type=host; review_status_controls_assay_import; canonical entity row generated in review-filtered PhageHostLearn source export; review_basis=source_identity_reviewed_against_host_archive_member; review_scope=source_identity_only
ERS706554	phagehostlearn_2024_host_ERS706554	reviewed	generated_from=phagehostlearn_2024; entity_type=host; review_status_controls_assay_import; canonical entity row generated in review-filtered PhageHostLearn source export; review_basis=source_identity_reviewed_against_host_archive_member; review_scope=source_identity_only
ERS706555	phagehostlearn_2024_host_ERS706555	reviewed	generated_from=phagehostlearn_2024; entity_type=host; review_status_controls_assay_import; canonical entity row generated in review-filtered PhageHostLearn source export; review_basis=source_identity_reviewed_against_host_archive_member; review_scope=source_identity_only
ERS706556	phagehostlearn_2024_host_ERS706556	reviewed	generated_from=phagehostlearn_2024; entity_type=host; review_status_controls_assay_import; canonical entity row generated in review-filtered PhageHostLearn source export; review_basis=source_identity_reviewed_against_host_archive_member; review_scope=source_identity_only
ERS715399	phagehostlearn_2024_host_ERS715399	reviewed	generated_from=phagehostlearn_2024; entity_type=host; review_status_controls_assay_import; canonical entity row generated in review-filtered PhageHostLearn source export; review_basis=source_identity_reviewed_against_host_archive_member; review_scope=source_identity_only
ERS715400	phagehostlearn_2024_host_ERS715400	reviewed	generated_from=phagehostlearn_2024; entity_type=host; review_status_controls_assay_import; canonical entity row generated in review-filtered PhageHostLearn source export; review_basis=source_identity_reviewed_against_host_archive_member; review_scope=source_identity_only
ERS715401	phagehostlearn_2024_host_ERS715401	reviewed	generated_from=phagehostlearn_2024; entity_type=host; review_status_controls_assay_import; canonical entity row generated in review-filtered PhageHostLearn source export; review_basis=source_identity_reviewed_against_host_archive_member; review_scope=source_identity_only
ERS715409	phagehostlearn_2024_host_ERS715409	reviewed	generated_from=phagehostlearn_2024; entity_type=host; review_status_controls_assay_import; canonical entity row generated in review-filtered PhageHostLearn source export; review_basis=source_identity_reviewed_against_host_archive_member; review_scope=source_identity_only
ERS715410	phagehostlearn_2024_host_ERS715410	reviewed	generated_from=phagehostlearn_2024; entity_type=host; review_status_controls_assay_import; canonical entity row generated in review-filtered PhageHostLearn source export; review_basis=source_identity_reviewed_against_host_archive_member; review_scope=source_identity_only
ERS715468	phagehostlearn_2024_host_ERS715468	reviewed	generated_from=phagehostlearn_2024; entity_type=host; review_status_controls_assay_import; canonical entity row generated in review-filtered PhageHostLearn source export; review_basis=source_identity_reviewed_against_host_archive_member; review_scope=source_identity_only
ERS715469	phagehostlearn_2024_host_ERS715469	reviewed	generated_from=phagehostlearn_2024; entity_type=host; review_status_controls_assay_import; canonical entity row generated in review-filtered PhageHostLearn source export; review_basis=source_identity_reviewed_against_host_archive_member; review_scope=source_identity_only
ERS715470	phagehostlearn_2024_host_ERS715470	reviewed	generated_from=phagehostlearn_2024; entity_type=host; review_status_controls_assay_import; canonical entity row generated in review-filtered PhageHostLearn source export; review_basis=source_identity_reviewed_against_host_archive_member; review_scope=source_identity_only
ERS715471	phagehostlearn_2024_host_ERS715471	reviewed	generated_from=phagehostlearn_2024; entity_type=host; review_status_controls_assay_import; canonical entity row generated in review-filtered PhageHostLearn source export; review_basis=source_identity_reviewed_against_host_archive_member; review_scope=source_identity_only
ERS715472	phagehostlearn_2024_host_ERS715472	reviewed	generated_from=phagehostlearn_2024; entity_type=host; review_status_controls_assay_import; canonical entity row generated in review-filtered PhageHostLearn source export; review_basis=source_identity_reviewed_against_host_archive_member; review_scope=source_identity_only
ERS715473	phagehostlearn_2024_host_ERS715473	reviewed	generated_from=phagehostlearn_2024; entity_type=host; review_status_controls_assay_import; canonical entity row generated in review-filtered PhageHostLearn source export; review_basis=source_identity_reviewed_against_host_archive_member; review_scope=source_identity_only
ERS718583	phagehostlearn_2024_host_ERS718583	reviewed	generated_from=phagehostlearn_2024; entity_type=host; review_status_controls_assay_import; canonical entity row generated in review-filtered PhageHostLearn source export; review_basis=source_identity_reviewed_against_host_archive_member; review_scope=source_identity_only
ERS718584	phagehostlearn_2024_host_ERS718584	reviewed	generated_from=phagehostlearn_2024; entity_type=host; review_status_controls_assay_import; canonical entity row generated in review-filtered PhageHostLearn source export; review_basis=source_identity_reviewed_against_host_archive_member; review_scope=source_identity_only
ERS736962	phagehostlearn_2024_host_ERS736962	reviewed	generated_from=phagehostlearn_2024; entity_type=host; review_status_controls_assay_import; canonical entity row generated in review-filtered PhageHostLearn source export; review_basis=source_identity_reviewed_against_host_archive_member; review_scope=source_identity_only
ERS739094	phagehostlearn_2024_host_ERS739094	reviewed	generated_from=phagehostlearn_2024; entity_type=host; review_status_controls_assay_import; canonical entity row generated in review-filtered PhageHostLearn source export; review_basis=source_identity_reviewed_against_host_archive_member; review_scope=source_identity_only
ERS739095	phagehostlearn_2024_host_ERS739095	reviewed	generated_from=phagehostlearn_2024; entity_type=host; review_status_controls_assay_import; canonical entity row generated in review-filtered PhageHostLearn source export; review_basis=source_identity_reviewed_against_host_archive_member; review_scope=source_identity_only
ERS743101	phagehostlearn_2024_host_ERS743101	reviewed	generated_from=phagehostlearn_2024; entity_type=host; review_status_controls_assay_import; canonical entity row generated in review-filtered PhageHostLearn source export; review_basis=source_identity_reviewed_against_host_archive_member; review_scope=source_identity_only
ERS744787	phagehostlearn_2024_host_ERS744787	reviewed	generated_from=phagehostlearn_2024; entity_type=host; review_status_controls_assay_import; canonical entity row generated in review-filtered PhageHostLearn source export; review_basis=source_identity_reviewed_against_host_archive_member; review_scope=source_identity_only
ERS747603	phagehostlearn_2024_host_ERS747603	reviewed	generated_from=phagehostlearn_2024; entity_type=host; review_status_controls_assay_import; canonical entity row generated in review-filtered PhageHostLearn source export; review_basis=source_identity_reviewed_against_host_archive_member; review_scope=source_identity_only
ERS747611	phagehostlearn_2024_host_ERS747611	reviewed	generated_from=phagehostlearn_2024; entity_type=host; review_status_controls_assay_import; canonical entity row generated in review-filtered PhageHostLearn source export; review_basis=source_identity_reviewed_against_host_archive_member; review_scope=source_identity_only
ERS747612	phagehostlearn_2024_host_ERS747612	reviewed	generated_from=phagehostlearn_2024; entity_type=host; review_status_controls_assay_import; canonical entity row generated in review-filtered PhageHostLearn source export; review_basis=source_identity_reviewed_against_host_archive_member; review_scope=source_identity_only
ERS764450	phagehostlearn_2024_host_ERS764450	reviewed	generated_from=phagehostlearn_2024; entity_type=host; review_status_controls_assay_import; canonical entity row generated in review-filtered PhageHostLearn source export; review_basis=source_identity_reviewed_against_host_archive_member; review_scope=source_identity_only
ERS764451	phagehostlearn_2024_host_ERS764451	reviewed	generated_from=phagehostlearn_2024; entity_type=host; review_status_controls_assay_import; canonical entity row generated in review-filtered PhageHostLearn source export; review_basis=source_identity_reviewed_against_host_archive_member; review_scope=source_identity_only
ERS764452	phagehostlearn_2024_host_ERS764452	reviewed	generated_from=phagehostlearn_2024; entity_type=host; review_status_controls_assay_import; canonical entity row generated in review-filtered PhageHostLearn source export; review_basis=source_identity_reviewed_against_host_archive_member; review_scope=source_identity_only
ERS799795	phagehostlearn_2024_host_ERS799795	reviewed	generated_from=phagehostlearn_2024; entity_type=host; review_status_controls_assay_import; canonical entity row generated in review-filtered PhageHostLearn source export; review_basis=source_identity_reviewed_against_host_archive_member; review_scope=source_identity_only
ERS799796	phagehostlearn_2024_host_ERS799796	reviewed	generated_from=phagehostlearn_2024; entity_type=host; review_status_controls_assay_import; canonical entity row generated in review-filtered PhageHostLearn source export; review_basis=source_identity_reviewed_against_host_archive_member; review_scope=source_identity_only
ERS799797	phagehostlearn_2024_host_ERS799797	reviewed	generated_from=phagehostlearn_2024; entity_type=host; review_status_controls_assay_import; canonical entity row generated in review-filtered PhageHostLearn source export; review_basis=source_identity_reviewed_against_host_archive_member; review_scope=source_identity_only
ERS799798	phagehostlearn_2024_host_ERS799798	reviewed	generated_from=phagehostlearn_2024; entity_type=host; review_status_controls_assay_import; canonical entity row generated in review-filtered PhageHostLearn source export; review_basis=source_identity_reviewed_against_host_archive_member; review_scope=source_identity_only
ERS812516	phagehostlearn_2024_host_ERS812516	reviewed	generated_from=phagehostlearn_2024; entity_type=host; review_status_controls_assay_import; canonical entity row generated in review-filtered PhageHostLearn source export; review_basis=source_identity_reviewed_against_host_archive_member; review_scope=source_identity_only
HAV1_13	phagehostlearn_2024_host_HAV1_13	reviewed	generated_from=phagehostlearn_2024; entity_type=host; review_status_controls_assay_import; canonical entity row generated in review-filtered PhageHostLearn source export; review_basis=source_identity_reviewed_against_host_archive_member; review_scope=source_identity_only
HAV1_14	phagehostlearn_2024_host_HAV1_14	reviewed	generated_from=phagehostlearn_2024; entity_type=host; review_status_controls_assay_import; canonical entity row generated in review-filtered PhageHostLearn source export; review_basis=source_identity_reviewed_against_host_archive_member; review_scope=source_identity_only
HCV1_10	phagehostlearn_2024_host_HCV1_10	reviewed	generated_from=phagehostlearn_2024; entity_type=host; review_status_controls_assay_import; canonical entity row generated in review-filtered PhageHostLearn source export; review_basis=source_identity_reviewed_against_host_archive_member; review_scope=source_identity_only
HCV1_19	phagehostlearn_2024_host_HCV1_19	reviewed	generated_from=phagehostlearn_2024; entity_type=host; review_status_controls_assay_import; canonical entity row generated in review-filtered PhageHostLearn source export; review_basis=source_identity_reviewed_against_host_archive_member; review_scope=source_identity_only
HCV1_21	phagehostlearn_2024_host_HCV1_21	reviewed	generated_from=phagehostlearn_2024; entity_type=host; review_status_controls_assay_import; canonical entity row generated in review-filtered PhageHostLearn source export; review_basis=source_identity_reviewed_against_host_archive_member; review_scope=source_identity_only
HCV1_24	phagehostlearn_2024_host_HCV1_24	reviewed	generated_from=phagehostlearn_2024; entity_type=host; review_status_controls_assay_import; canonical entity row generated in review-filtered PhageHostLearn source export; review_basis=source_identity_reviewed_against_host_archive_member; review_scope=source_identity_only
HCV1_26	phagehostlearn_2024_host_HCV1_26	reviewed	generated_from=phagehostlearn_2024; entity_type=host; review_status_controls_assay_import; canonical entity row generated in review-filtered PhageHostLearn source export; review_basis=source_identity_reviewed_against_host_archive_member; review_scope=source_identity_only
HCV1_27	phagehostlearn_2024_host_HCV1_27	reviewed	generated_from=phagehostlearn_2024; entity_type=host; review_status_controls_assay_import; canonical entity row generated in review-filtered PhageHostLearn source export; review_basis=source_identity_reviewed_against_host_archive_member; review_scope=source_identity_only
HCV1_33	phagehostlearn_2024_host_HCV1_33	reviewed	generated_from=phagehostlearn_2024; entity_type=host; review_status_controls_assay_import; canonical entity row generated in review-filtered PhageHostLearn source export; review_basis=source_identity_reviewed_against_host_archive_member; review_scope=source_identity_only
HCV1_35	phagehostlearn_2024_host_HCV1_35	reviewed	generated_from=phagehostlearn_2024; entity_type=host; review_status_controls_assay_import; canonical entity row generated in review-filtered PhageHostLearn source export; review_basis=source_identity_reviewed_against_host_archive_member; review_scope=source_identity_only
HCV1_36	phagehostlearn_2024_host_HCV1_36	reviewed	generated_from=phagehostlearn_2024; entity_type=host; review_status_controls_assay_import; canonical entity row generated in review-filtered PhageHostLearn source export; review_basis=source_identity_reviewed_against_host_archive_member; review_scope=source_identity_only
HCV1_42	phagehostlearn_2024_host_HCV1_42	reviewed	generated_from=phagehostlearn_2024; entity_type=host; review_status_controls_assay_import; canonical entity row generated in review-filtered PhageHostLearn source export; review_basis=source_identity_reviewed_against_host_archive_member; review_scope=source_identity_only
HGUA4_08	phagehostlearn_2024_host_HGUA4_08	reviewed	generated_from=phagehostlearn_2024; entity_type=host; review_status_controls_assay_import; canonical entity row generated in review-filtered PhageHostLearn source export; review_basis=source_identity_reviewed_against_host_archive_member; review_scope=source_identity_only
HGUA4_09	phagehostlearn_2024_host_HGUA4_09	reviewed	generated_from=phagehostlearn_2024; entity_type=host; review_status_controls_assay_import; canonical entity row generated in review-filtered PhageHostLearn source export; review_basis=source_identity_reviewed_against_host_archive_member; review_scope=source_identity_only
HGUA4_15	phagehostlearn_2024_host_HGUA4_15	reviewed	generated_from=phagehostlearn_2024; entity_type=host; review_status_controls_assay_import; canonical entity row generated in review-filtered PhageHostLearn source export; review_basis=source_identity_reviewed_against_host_archive_member; review_scope=source_identity_only
HGUA4_51	phagehostlearn_2024_host_HGUA4_51	reviewed	generated_from=phagehostlearn_2024; entity_type=host; review_status_controls_assay_import; canonical entity row generated in review-filtered PhageHostLearn source export; review_basis=source_identity_reviewed_against_host_archive_member; review_scope=source_identity_only
HGUC2_04	phagehostlearn_2024_host_HGUC2_04	reviewed	generated_from=phagehostlearn_2024; entity_type=host; review_status_controls_assay_import; canonical entity row generated in review-filtered PhageHostLearn source export; review_basis=source_identity_reviewed_against_host_archive_member; review_scope=source_identity_only
HGUC2_09	phagehostlearn_2024_host_HGUC2_09	reviewed	generated_from=phagehostlearn_2024; entity_type=host; review_status_controls_assay_import; canonical entity row generated in review-filtered PhageHostLearn source export; review_basis=source_identity_reviewed_against_host_archive_member; review_scope=source_identity_only
HGV2C_01	phagehostlearn_2024_host_HGV2C_01	reviewed	generated_from=phagehostlearn_2024; entity_type=host; review_status_controls_assay_import; canonical entity row generated in review-filtered PhageHostLearn source export; review_basis=source_identity_reviewed_against_host_archive_member; review_scope=source_identity_only
HGV2C_02	phagehostlearn_2024_host_HGV2C_02	reviewed	generated_from=phagehostlearn_2024; entity_type=host; review_status_controls_assay_import; canonical entity row generated in review-filtered PhageHostLearn source export; review_basis=source_identity_reviewed_against_host_archive_member; review_scope=source_identity_only
HGV2C_03	phagehostlearn_2024_host_HGV2C_03	reviewed	generated_from=phagehostlearn_2024; entity_type=host; review_status_controls_assay_import; canonical entity row generated in review-filtered PhageHostLearn source export; review_basis=source_identity_reviewed_against_host_archive_member; review_scope=source_identity_only
HGV2C_06	phagehostlearn_2024_host_HGV2C_06	reviewed	generated_from=phagehostlearn_2024; entity_type=host; review_status_controls_assay_import; canonical entity row generated in review-filtered PhageHostLearn source export; review_basis=source_identity_reviewed_against_host_archive_member; review_scope=source_identity_only
HGV2C_08	phagehostlearn_2024_host_HGV2C_08	reviewed	generated_from=phagehostlearn_2024; entity_type=host; review_status_controls_assay_import; canonical entity row generated in review-filtered PhageHostLearn source export; review_basis=source_identity_reviewed_against_host_archive_member; review_scope=source_identity_only
HGV2C_10	phagehostlearn_2024_host_HGV2C_10	reviewed	generated_from=phagehostlearn_2024; entity_type=host; review_status_controls_assay_import; canonical entity row generated in review-filtered PhageHostLearn source export; review_basis=source_identity_reviewed_against_host_archive_member; review_scope=source_identity_only
HGV2C_11	phagehostlearn_2024_host_HGV2C_11	reviewed	generated_from=phagehostlearn_2024; entity_type=host; review_status_controls_assay_import; canonical entity row generated in review-filtered PhageHostLearn source export; review_basis=source_identity_reviewed_against_host_archive_member; review_scope=source_identity_only
HGV2C_13	phagehostlearn_2024_host_HGV2C_13	reviewed	generated_from=phagehostlearn_2024; entity_type=host; review_status_controls_assay_import; canonical entity row generated in review-filtered PhageHostLearn source export; review_basis=source_identity_reviewed_against_host_archive_member; review_scope=source_identity_only
HGV2C_14	phagehostlearn_2024_host_HGV2C_14	reviewed	generated_from=phagehostlearn_2024; entity_type=host; review_status_controls_assay_import; canonical entity row generated in review-filtered PhageHostLearn source export; review_basis=source_identity_reviewed_against_host_archive_member; review_scope=source_identity_only
HGV2C_16	phagehostlearn_2024_host_HGV2C_16	reviewed	generated_from=phagehostlearn_2024; entity_type=host; review_status_controls_assay_import; canonical entity row generated in review-filtered PhageHostLearn source export; review_basis=source_identity_reviewed_against_host_archive_member; review_scope=source_identity_only
HGV2C_17	phagehostlearn_2024_host_HGV2C_17	reviewed	generated_from=phagehostlearn_2024; entity_type=host; review_status_controls_assay_import; canonical entity row generated in review-filtered PhageHostLearn source export; review_basis=source_identity_reviewed_against_host_archive_member; review_scope=source_identity_only
HGV2C_18	phagehostlearn_2024_host_HGV2C_18	reviewed	generated_from=phagehostlearn_2024; entity_type=host; review_status_controls_assay_import; canonical entity row generated in review-filtered PhageHostLearn source export; review_basis=source_identity_reviewed_against_host_archive_member; review_scope=source_identity_only
HGV2C_19	phagehostlearn_2024_host_HGV2C_19	reviewed	generated_from=phagehostlearn_2024; entity_type=host; review_status_controls_assay_import; canonical entity row generated in review-filtered PhageHostLearn source export; review_basis=source_identity_reviewed_against_host_archive_member; review_scope=source_identity_only
HGV2C_20	phagehostlearn_2024_host_HGV2C_20	reviewed	generated_from=phagehostlearn_2024; entity_type=host; review_status_controls_assay_import; canonical entity row generated in review-filtered PhageHostLearn source export; review_basis=source_identity_reviewed_against_host_archive_member; review_scope=source_identity_only
HGV2C_21	phagehostlearn_2024_host_HGV2C_21	reviewed	generated_from=phagehostlearn_2024; entity_type=host; review_status_controls_assay_import; canonical entity row generated in review-filtered PhageHostLearn source export; review_basis=source_identity_reviewed_against_host_archive_member; review_scope=source_identity_only
HGV2C_23	phagehostlearn_2024_host_HGV2C_23	reviewed	generated_from=phagehostlearn_2024; entity_type=host; review_status_controls_assay_import; canonical entity row generated in review-filtered PhageHostLearn source export; review_basis=source_identity_reviewed_against_host_archive_member; review_scope=source_identity_only
HGV2C_28	phagehostlearn_2024_host_HGV2C_28	reviewed	generated_from=phagehostlearn_2024; entity_type=host; review_status_controls_assay_import; canonical entity row generated in review-filtered PhageHostLearn source export; review_basis=source_identity_reviewed_against_host_archive_member; review_scope=source_identity_only
HGV2C_33	phagehostlearn_2024_host_HGV2C_33	reviewed	generated_from=phagehostlearn_2024; entity_type=host; review_status_controls_assay_import; canonical entity row generated in review-filtered PhageHostLearn source export; review_basis=source_identity_reviewed_against_host_archive_member; review_scope=source_identity_only
HGV2C_34	phagehostlearn_2024_host_HGV2C_34	reviewed	generated_from=phagehostlearn_2024; entity_type=host; review_status_controls_assay_import; canonical entity row generated in review-filtered PhageHostLearn source export; review_basis=source_identity_reviewed_against_host_archive_member; review_scope=source_identity_only
HGV2C_36_contigs	phagehostlearn_2024_host_HGV2C_36_contigs	reviewed	generated_from=phagehostlearn_2024; entity_type=host; review_status_controls_assay_import; canonical entity row generated in review-filtered PhageHostLearn source export; review_basis=source_identity_reviewed_against_host_archive_member; review_scope=source_identity_only
HGV2C_37	phagehostlearn_2024_host_HGV2C_37	reviewed	generated_from=phagehostlearn_2024; entity_type=host; review_status_controls_assay_import; canonical entity row generated in review-filtered PhageHostLearn source export; review_basis=source_identity_reviewed_against_host_archive_member; review_scope=source_identity_only
HGV2C_39	phagehostlearn_2024_host_HGV2C_39	reviewed	generated_from=phagehostlearn_2024; entity_type=host; review_status_controls_assay_import; canonical entity row generated in review-filtered PhageHostLearn source export; review_basis=source_identity_reviewed_against_host_archive_member; review_scope=source_identity_only
HGV2_297	phagehostlearn_2024_host_HGV2_297	reviewed	generated_from=phagehostlearn_2024; entity_type=host; review_status_controls_assay_import; canonical entity row generated in review-filtered PhageHostLearn source export; review_basis=source_identity_reviewed_against_host_archive_member; review_scope=source_identity_only
HGV2_332	phagehostlearn_2024_host_HGV2_332	reviewed	generated_from=phagehostlearn_2024; entity_type=host; review_status_controls_assay_import; canonical entity row generated in review-filtered PhageHostLearn source export; review_basis=source_identity_reviewed_against_host_archive_member; review_scope=source_identity_only
HGV2_341	phagehostlearn_2024_host_HGV2_341	reviewed	generated_from=phagehostlearn_2024; entity_type=host; review_status_controls_assay_import; canonical entity row generated in review-filtered PhageHostLearn source export; review_basis=source_identity_reviewed_against_host_archive_member; review_scope=source_identity_only
HGV2_370	phagehostlearn_2024_host_HGV2_370	reviewed	generated_from=phagehostlearn_2024; entity_type=host; review_status_controls_assay_import; canonical entity row generated in review-filtered PhageHostLearn source export; review_basis=source_identity_reviewed_against_host_archive_member; review_scope=source_identity_only
HGV2_371	phagehostlearn_2024_host_HGV2_371	reviewed	generated_from=phagehostlearn_2024; entity_type=host; review_status_controls_assay_import; canonical entity row generated in review-filtered PhageHostLearn source export; review_basis=source_identity_reviewed_against_host_archive_member; review_scope=source_identity_only
HGV2_379	phagehostlearn_2024_host_HGV2_379	reviewed	generated_from=phagehostlearn_2024; entity_type=host; review_status_controls_assay_import; canonical entity row generated in review-filtered PhageHostLearn source export; review_basis=source_identity_reviewed_against_host_archive_member; review_scope=source_identity_only
HGV2_398	phagehostlearn_2024_host_HGV2_398	reviewed	generated_from=phagehostlearn_2024; entity_type=host; review_status_controls_assay_import; canonical entity row generated in review-filtered PhageHostLearn source export; review_basis=source_identity_reviewed_against_host_archive_member; review_scope=source_identity_only
HGV2_400	phagehostlearn_2024_host_HGV2_400	reviewed	generated_from=phagehostlearn_2024; entity_type=host; review_status_controls_assay_import; canonical entity row generated in review-filtered PhageHostLearn source export; review_basis=source_identity_reviewed_against_host_archive_member; review_scope=source_identity_only
HGV2_418	phagehostlearn_2024_host_HGV2_418	reviewed	generated_from=phagehostlearn_2024; entity_type=host; review_status_controls_assay_import; canonical entity row generated in review-filtered PhageHostLearn source export; review_basis=source_identity_reviewed_against_host_archive_member; review_scope=source_identity_only
HGV2_429	phagehostlearn_2024_host_HGV2_429	reviewed	generated_from=phagehostlearn_2024; entity_type=host; review_status_controls_assay_import; canonical entity row generated in review-filtered PhageHostLearn source export; review_basis=source_identity_reviewed_against_host_archive_member; review_scope=source_identity_only
HGV2_430	phagehostlearn_2024_host_HGV2_430	reviewed	generated_from=phagehostlearn_2024; entity_type=host; review_status_controls_assay_import; canonical entity row generated in review-filtered PhageHostLearn source export; review_basis=source_identity_reviewed_against_host_archive_member; review_scope=source_identity_only
HGV2_431	phagehostlearn_2024_host_HGV2_431	reviewed	generated_from=phagehostlearn_2024; entity_type=host; review_status_controls_assay_import; canonical entity row generated in review-filtered PhageHostLearn source export; review_basis=source_identity_reviewed_against_host_archive_member; review_scope=source_identity_only
HLF1_17	phagehostlearn_2024_host_HLF1_17	reviewed	generated_from=phagehostlearn_2024; entity_type=host; review_status_controls_assay_import; canonical entity row generated in review-filtered PhageHostLearn source export; review_basis=source_identity_reviewed_against_host_archive_member; review_scope=source_identity_only
HLF1_40	phagehostlearn_2024_host_HLF1_40	reviewed	generated_from=phagehostlearn_2024; entity_type=host; review_status_controls_assay_import; canonical entity row generated in review-filtered PhageHostLearn source export; review_basis=source_identity_reviewed_against_host_archive_member; review_scope=source_identity_only
HLF1_54	phagehostlearn_2024_host_HLF1_54	reviewed	generated_from=phagehostlearn_2024; entity_type=host; review_status_controls_assay_import; canonical entity row generated in review-filtered PhageHostLearn source export; review_basis=source_identity_reviewed_against_host_archive_member; review_scope=source_identity_only
HLF1_68	phagehostlearn_2024_host_HLF1_68	reviewed	generated_from=phagehostlearn_2024; entity_type=host; review_status_controls_assay_import; canonical entity row generated in review-filtered PhageHostLearn source export; review_basis=source_identity_reviewed_against_host_archive_member; review_scope=source_identity_only
K2	phagehostlearn_2024_host_K2	pending	generated_from=phagehostlearn_2024; entity_type=host; review_status_controls_assay_import; canonical entity row generated in review-filtered PhageHostLearn source export
K21	phagehostlearn_2024_host_K21	pending	generated_from=phagehostlearn_2024; entity_type=host; review_status_controls_assay_import; canonical entity row generated in review-filtered PhageHostLearn source export
K23	phagehostlearn_2024_host_K23	pending	generated_from=phagehostlearn_2024; entity_type=host; review_status_controls_assay_import; canonical entity row generated in review-filtered PhageHostLearn source export
K27	phagehostlearn_2024_host_K27	pending	generated_from=phagehostlearn_2024; entity_type=host; review_status_controls_assay_import; canonical entity row generated in review-filtered PhageHostLearn source export
K28	phagehostlearn_2024_host_K28	pending	generated_from=phagehostlearn_2024; entity_type=host; review_status_controls_assay_import; canonical entity row generated in review-filtered PhageHostLearn source export
K40	phagehostlearn_2024_host_K40	pending	generated_from=phagehostlearn_2024; entity_type=host; review_status_controls_assay_import; canonical entity row generated in review-filtered PhageHostLearn source export
K45	phagehostlearn_2024_host_K45	pending	generated_from=phagehostlearn_2024; entity_type=host; review_status_controls_assay_import; canonical entity row generated in review-filtered PhageHostLearn source export
K48	phagehostlearn_2024_host_K48	pending	generated_from=phagehostlearn_2024; entity_type=host; review_status_controls_assay_import; canonical entity row generated in review-filtered PhageHostLearn source export
K52	phagehostlearn_2024_host_K52	pending	generated_from=phagehostlearn_2024; entity_type=host; review_status_controls_assay_import; canonical entity row generated in review-filtered PhageHostLearn source export
K53	phagehostlearn_2024_host_K53	pending	generated_from=phagehostlearn_2024; entity_type=host; review_status_controls_assay_import; canonical entity row generated in review-filtered PhageHostLearn source export
K67	phagehostlearn_2024_host_K67	pending	generated_from=phagehostlearn_2024; entity_type=host; review_status_controls_assay_import; canonical entity row generated in review-filtered PhageHostLearn source export
K69	phagehostlearn_2024_host_K69	pending	generated_from=phagehostlearn_2024; entity_type=host; review_status_controls_assay_import; canonical entity row generated in review-filtered PhageHostLearn source export
K70	phagehostlearn_2024_host_K70	pending	generated_from=phagehostlearn_2024; entity_type=host; review_status_controls_assay_import; canonical entity row generated in review-filtered PhageHostLearn source export
K71	phagehostlearn_2024_host_K71	pending	generated_from=phagehostlearn_2024; entity_type=host; review_status_controls_assay_import; canonical entity row generated in review-filtered PhageHostLearn source export
K72	phagehostlearn_2024_host_K72	pending	generated_from=phagehostlearn_2024; entity_type=host; review_status_controls_assay_import; canonical entity row generated in review-filtered PhageHostLearn source export
KP_HGE01_003	phagehostlearn_2024_host_KP_HGE01_003	reviewed	generated_from=phagehostlearn_2024; entity_type=host; review_status_controls_assay_import; canonical entity row generated in review-filtered PhageHostLearn source export; review_basis=source_identity_reviewed_against_host_archive_member; review_scope=source_identity_only
KP_HGE01_004	phagehostlearn_2024_host_KP_HGE01_004	reviewed	generated_from=phagehostlearn_2024; entity_type=host; review_status_controls_assay_import; canonical entity row generated in review-filtered PhageHostLearn source export; review_basis=source_identity_reviewed_against_host_archive_member; review_scope=source_identity_only
KP_HGE01_005	phagehostlearn_2024_host_KP_HGE01_005	reviewed	generated_from=phagehostlearn_2024; entity_type=host; review_status_controls_assay_import; canonical entity row generated in review-filtered PhageHostLearn source export; review_basis=source_identity_reviewed_against_host_archive_member; review_scope=source_identity_only
KP_HGE01_014	phagehostlearn_2024_host_KP_HGE01_014	reviewed	generated_from=phagehostlearn_2024; entity_type=host; review_status_controls_assay_import; canonical entity row generated in review-filtered PhageHostLearn source export; review_basis=source_identity_reviewed_against_host_archive_member; review_scope=source_identity_only
KP_HGE01_017	phagehostlearn_2024_host_KP_HGE01_017	reviewed	generated_from=phagehostlearn_2024; entity_type=host; review_status_controls_assay_import; canonical entity row generated in review-filtered PhageHostLearn source export; review_basis=source_identity_reviewed_against_host_archive_member; review_scope=source_identity_only
KP_HGE01_024	phagehostlearn_2024_host_KP_HGE01_024	reviewed	generated_from=phagehostlearn_2024; entity_type=host; review_status_controls_assay_import; canonical entity row generated in review-filtered PhageHostLearn source export; review_basis=source_identity_reviewed_against_host_archive_member; review_scope=source_identity_only
KP_HGE01_025	phagehostlearn_2024_host_KP_HGE01_025	reviewed	generated_from=phagehostlearn_2024; entity_type=host; review_status_controls_assay_import; canonical entity row generated in review-filtered PhageHostLearn source export; review_basis=source_identity_reviewed_against_host_archive_member; review_scope=source_identity_only
KP_HGE01_029	phagehostlearn_2024_host_KP_HGE01_029	reviewed	generated_from=phagehostlearn_2024; entity_type=host; review_status_controls_assay_import; canonical entity row generated in review-filtered PhageHostLearn source export; review_basis=source_identity_reviewed_against_host_archive_member; review_scope=source_identity_only
KP_HGE01_039	phagehostlearn_2024_host_KP_HGE01_039	reviewed	generated_from=phagehostlearn_2024; entity_type=host; review_status_controls_assay_import; canonical entity row generated in review-filtered PhageHostLearn source export; review_basis=source_identity_reviewed_against_host_archive_member; review_scope=source_identity_only
KP_HGE01_040	phagehostlearn_2024_host_KP_HGE01_040	reviewed	generated_from=phagehostlearn_2024; entity_type=host; review_status_controls_assay_import; canonical entity row generated in review-filtered PhageHostLearn source export; review_basis=source_identity_reviewed_against_host_archive_member; review_scope=source_identity_only
KP_HGE01_042	phagehostlearn_2024_host_KP_HGE01_042	reviewed	generated_from=phagehostlearn_2024; entity_type=host; review_status_controls_assay_import; canonical entity row generated in review-filtered PhageHostLearn source export; review_basis=source_identity_reviewed_against_host_archive_member; review_scope=source_identity_only
KP_HGE01_044	phagehostlearn_2024_host_KP_HGE01_044	reviewed	generated_from=phagehostlearn_2024; entity_type=host; review_status_controls_assay_import; canonical entity row generated in review-filtered PhageHostLearn source export; review_basis=source_identity_reviewed_against_host_archive_member; review_scope=source_identity_only
KP_HGE01_045	phagehostlearn_2024_host_KP_HGE01_045	reviewed	generated_from=phagehostlearn_2024; entity_type=host; review_status_controls_assay_import; canonical entity row generated in review-filtered PhageHostLearn source export; review_basis=source_identity_reviewed_against_host_archive_member; review_scope=source_identity_only
KP_HGUA02_051	phagehostlearn_2024_host_KP_HGUA02_051	reviewed	generated_from=phagehostlearn_2024; entity_type=host; review_status_controls_assay_import; canonical entity row generated in review-filtered PhageHostLearn source export; review_basis=source_identity_reviewed_against_host_archive_member; review_scope=source_identity_only
KP_HGUA02_054	phagehostlearn_2024_host_KP_HGUA02_054	reviewed	generated_from=phagehostlearn_2024; entity_type=host; review_status_controls_assay_import; canonical entity row generated in review-filtered PhageHostLearn source export; review_basis=source_identity_reviewed_against_host_archive_member; review_scope=source_identity_only
KP_HGUA02_055	phagehostlearn_2024_host_KP_HGUA02_055	reviewed	generated_from=phagehostlearn_2024; entity_type=host; review_status_controls_assay_import; canonical entity row generated in review-filtered PhageHostLearn source export; review_basis=source_identity_reviewed_against_host_archive_member; review_scope=source_identity_only
KP_HGUA02_059	phagehostlearn_2024_host_KP_HGUA02_059	reviewed	generated_from=phagehostlearn_2024; entity_type=host; review_status_controls_assay_import; canonical entity row generated in review-filtered PhageHostLearn source export; review_basis=source_identity_reviewed_against_host_archive_member; review_scope=source_identity_only
KP_HGUA02_064	phagehostlearn_2024_host_KP_HGUA02_064	reviewed	generated_from=phagehostlearn_2024; entity_type=host; review_status_controls_assay_import; canonical entity row generated in review-filtered PhageHostLearn source export; review_basis=source_identity_reviewed_against_host_archive_member; review_scope=source_identity_only
KP_HGUA02_066	phagehostlearn_2024_host_KP_HGUA02_066	reviewed	generated_from=phagehostlearn_2024; entity_type=host; review_status_controls_assay_import; canonical entity row generated in review-filtered PhageHostLearn source export; review_basis=source_identity_reviewed_against_host_archive_member; review_scope=source_identity_only
KP_HGUA02_068	phagehostlearn_2024_host_KP_HGUA02_068	reviewed	generated_from=phagehostlearn_2024; entity_type=host; review_status_controls_assay_import; canonical entity row generated in review-filtered PhageHostLearn source export; review_basis=source_identity_reviewed_against_host_archive_member; review_scope=source_identity_only
KP_HGUA02_071	phagehostlearn_2024_host_KP_HGUA02_071	reviewed	generated_from=phagehostlearn_2024; entity_type=host; review_status_controls_assay_import; canonical entity row generated in review-filtered PhageHostLearn source export; review_basis=source_identity_reviewed_against_host_archive_member; review_scope=source_identity_only
KP_HGUA02_073	phagehostlearn_2024_host_KP_HGUA02_073	reviewed	generated_from=phagehostlearn_2024; entity_type=host; review_status_controls_assay_import; canonical entity row generated in review-filtered PhageHostLearn source export; review_basis=source_identity_reviewed_against_host_archive_member; review_scope=source_identity_only
KP_HGUA02_074	phagehostlearn_2024_host_KP_HGUA02_074	reviewed	generated_from=phagehostlearn_2024; entity_type=host; review_status_controls_assay_import; canonical entity row generated in review-filtered PhageHostLearn source export; review_basis=source_identity_reviewed_against_host_archive_member; review_scope=source_identity_only
KP_HGUA02_089	phagehostlearn_2024_host_KP_HGUA02_089	reviewed	generated_from=phagehostlearn_2024; entity_type=host; review_status_controls_assay_import; canonical entity row generated in review-filtered PhageHostLearn source export; review_basis=source_identity_reviewed_against_host_archive_member; review_scope=source_identity_only
KP_HGUA02_092	phagehostlearn_2024_host_KP_HGUA02_092	reviewed	generated_from=phagehostlearn_2024; entity_type=host; review_status_controls_assay_import; canonical entity row generated in review-filtered PhageHostLearn source export; review_basis=source_identity_reviewed_against_host_archive_member; review_scope=source_identity_only
KP_HGUA02_099	phagehostlearn_2024_host_KP_HGUA02_099	reviewed	generated_from=phagehostlearn_2024; entity_type=host; review_status_controls_assay_import; canonical entity row generated in review-filtered PhageHostLearn source export; review_basis=source_identity_reviewed_against_host_archive_member; review_scope=source_identity_only
KP_HGUA03_108	phagehostlearn_2024_host_KP_HGUA03_108	reviewed	generated_from=phagehostlearn_2024; entity_type=host; review_status_controls_assay_import; canonical entity row generated in review-filtered PhageHostLearn source export; review_basis=source_identity_reviewed_against_host_archive_member; review_scope=source_identity_only
KP_HGUA03_117	phagehostlearn_2024_host_KP_HGUA03_117	reviewed	generated_from=phagehostlearn_2024; entity_type=host; review_status_controls_assay_import; canonical entity row generated in review-filtered PhageHostLearn source export; review_basis=source_identity_reviewed_against_host_archive_member; review_scope=source_identity_only
KP_HGUA03_124	phagehostlearn_2024_host_KP_HGUA03_124	reviewed	generated_from=phagehostlearn_2024; entity_type=host; review_status_controls_assay_import; canonical entity row generated in review-filtered PhageHostLearn source export; review_basis=source_identity_reviewed_against_host_archive_member; review_scope=source_identity_only
KP_HGUA03_147	phagehostlearn_2024_host_KP_HGUA03_147	reviewed	generated_from=phagehostlearn_2024; entity_type=host; review_status_controls_assay_import; canonical entity row generated in review-filtered PhageHostLearn source export; review_basis=source_identity_reviewed_against_host_archive_member; review_scope=source_identity_only
Kpcas024	phagehostlearn_2024_host_Kpcas024	reviewed	generated_from=phagehostlearn_2024; entity_type=host; review_status_controls_assay_import; canonical entity row generated in review-filtered PhageHostLearn source export; review_basis=source_identity_reviewed_against_host_archive_member; review_scope=source_identity_only
Kpcas027	phagehostlearn_2024_host_Kpcas027	reviewed	generated_from=phagehostlearn_2024; entity_type=host; review_status_controls_assay_import; canonical entity row generated in review-filtered PhageHostLearn source export; review_basis=source_identity_reviewed_against_host_archive_member; review_scope=source_identity_only
Kpcas039	phagehostlearn_2024_host_Kpcas039	reviewed	generated_from=phagehostlearn_2024; entity_type=host; review_status_controls_assay_import; canonical entity row generated in review-filtered PhageHostLearn source export; review_basis=source_identity_reviewed_against_host_archive_member; review_scope=source_identity_only
Kpcas042	phagehostlearn_2024_host_Kpcas042	reviewed	generated_from=phagehostlearn_2024; entity_type=host; review_status_controls_assay_import; canonical entity row generated in review-filtered PhageHostLearn source export; review_basis=source_identity_reviewed_against_host_archive_member; review_scope=source_identity_only
Kpcas048	phagehostlearn_2024_host_Kpcas048	reviewed	generated_from=phagehostlearn_2024; entity_type=host; review_status_controls_assay_import; canonical entity row generated in review-filtered PhageHostLearn source export; review_basis=source_identity_reviewed_against_host_archive_member; review_scope=source_identity_only
Kpcas054	phagehostlearn_2024_host_Kpcas054	reviewed	generated_from=phagehostlearn_2024; entity_type=host; review_status_controls_assay_import; canonical entity row generated in review-filtered PhageHostLearn source export; review_basis=source_identity_reviewed_against_host_archive_member; review_scope=source_identity_only
Kpcas083	phagehostlearn_2024_host_Kpcas083	reviewed	generated_from=phagehostlearn_2024; entity_type=host; review_status_controls_assay_import; canonical entity row generated in review-filtered PhageHostLearn source export; review_basis=source_identity_reviewed_against_host_archive_member; review_scope=source_identity_only
Kpcas091	phagehostlearn_2024_host_Kpcas091	reviewed	generated_from=phagehostlearn_2024; entity_type=host; review_status_controls_assay_import; canonical entity row generated in review-filtered PhageHostLearn source export; review_basis=source_identity_reviewed_against_host_archive_member; review_scope=source_identity_only
Kpcas111	phagehostlearn_2024_host_Kpcas111	reviewed	generated_from=phagehostlearn_2024; entity_type=host; review_status_controls_assay_import; canonical entity row generated in review-filtered PhageHostLearn source export; review_basis=source_identity_reviewed_against_host_archive_member; review_scope=source_identity_only
Moliner_02	phagehostlearn_2024_host_Moliner_02	reviewed	generated_from=phagehostlearn_2024; entity_type=host; review_status_controls_assay_import; canonical entity row generated in review-filtered PhageHostLearn source export; review_basis=source_identity_reviewed_against_host_archive_member; review_scope=source_identity_only
Moliner_03	phagehostlearn_2024_host_Moliner_03	reviewed	generated_from=phagehostlearn_2024; entity_type=host; review_status_controls_assay_import; canonical entity row generated in review-filtered PhageHostLearn source export; review_basis=source_identity_reviewed_against_host_archive_member; review_scope=source_identity_only
Moliner_08	phagehostlearn_2024_host_Moliner_08	reviewed	generated_from=phagehostlearn_2024; entity_type=host; review_status_controls_assay_import; canonical entity row generated in review-filtered PhageHostLearn source export; review_basis=source_identity_reviewed_against_host_archive_member; review_scope=source_identity_only
NTUH	phagehostlearn_2024_host_NTUH	reviewed	generated_from=phagehostlearn_2024; entity_type=host; review_status_controls_assay_import; canonical entity row generated in review-filtered PhageHostLearn source export; review_basis=source_identity_reviewed_against_host_archive_member; review_scope=source_identity_only
sampleK3	phagehostlearn_2024_host_sampleK3	reviewed	generated_from=phagehostlearn_2024; entity_type=host; review_status_controls_assay_import; canonical entity row generated in review-filtered PhageHostLearn source export; review_basis=source_identity_reviewed_against_host_archive_member; review_scope=source_identity_only
sampleK4	phagehostlearn_2024_host_sampleK4	reviewed	generated_from=phagehostlearn_2024; entity_type=host; review_status_controls_assay_import; canonical entity row generated in review-filtered PhageHostLearn source export; review_basis=source_identity_reviewed_against_host_archive_member; review_scope=source_identity_only
